Date,Currency,BaseCurrency,ExchangeRate
2024-01-01,UAH,UAH,1.0
2024-01-02,UAH,UAH,1.0
2024-01-03,UAH,UAH,1.0
2024-01-04,UAH,UAH,1.0
2024-01-05,UAH,UAH,1.0
2024-01-06,UAH,UAH,1.0
2024-01-07,UAH,UAH,1.0
2024-01-08,UAH,UAH,1.0
2024-01-09,UAH,UAH,1.0
2024-01-10,UAH,UAH,1.0
2024-01-11,UAH,UAH,1.0
2024-01-12,UAH,UAH,1.0
2024-01-13,UAH,UAH,1.0
2024-01-14,UAH,UAH,1.0
2024-01-15,UAH,UAH,1.0
2024-01-16,UAH,UAH,1.0
2024-01-17,UAH,UAH,1.0
2024-01-18,UAH,UAH,1.0
2024-01-19,UAH,UAH,1.0
2024-01-20,UAH,UAH,1.0
2024-01-21,UAH,UAH,1.0
2024-01-22,UAH,UAH,1.0
2024-01-23,UAH,UAH,1.0
2024-01-24,UAH,UAH,1.0
2024-01-25,UAH,UAH,1.0
2024-01-26,UAH,UAH,1.0
2024-01-27,UAH,UAH,1.0
2024-01-28,UAH,UAH,1.0
2024-01-29,UAH,UAH,1.0
2024-01-30,UAH,UAH,1.0
2024-01-31,UAH,UAH,1.0
2024-02-01,UAH,UAH,1.0
2024-02-02,UAH,UAH,1.0
2024-02-03,UAH,UAH,1.0
2024-02-04,UAH,UAH,1.0
2024-02-05,UAH,UAH,1.0
2024-02-06,UAH,UAH,1.0
2024-02-07,UAH,UAH,1.0
2024-02-08,UAH,UAH,1.0
2024-02-09,UAH,UAH,1.0
2024-02-10,UAH,UAH,1.0
2024-02-11,UAH,UAH,1.0
2024-02-12,UAH,UAH,1.0
2024-02-13,UAH,UAH,1.0
2024-02-14,UAH,UAH,1.0
2024-02-15,UAH,UAH,1.0
2024-02-16,UAH,UAH,1.0
2024-02-17,UAH,UAH,1.0
2024-02-18,UAH,UAH,1.0
2024-02-19,UAH,UAH,1.0
2024-02-20,UAH,UAH,1.0
2024-02-21,UAH,UAH,1.0
2024-02-22,UAH,UAH,1.0
2024-02-23,UAH,UAH,1.0
2024-02-24,UAH,UAH,1.0
2024-02-25,UAH,UAH,1.0
2024-02-26,UAH,UAH,1.0
2024-02-27,UAH,UAH,1.0
2024-02-28,UAH,UAH,1.0
2024-02-29,UAH,UAH,1.0
2024-03-01,UAH,UAH,1.0
2024-03-02,UAH,UAH,1.0
2024-03-03,UAH,UAH,1.0
2024-03-04,UAH,UAH,1.0
2024-03-05,UAH,UAH,1.0
2024-03-06,UAH,UAH,1.0
2024-03-07,UAH,UAH,1.0
2024-03-08,UAH,UAH,1.0
2024-03-09,UAH,UAH,1.0
2024-03-10,UAH,UAH,1.0
2024-03-11,UAH,UAH,1.0
2024-03-12,UAH,UAH,1.0
2024-03-13,UAH,UAH,1.0
2024-03-14,UAH,UAH,1.0
2024-03-15,UAH,UAH,1.0
2024-03-16,UAH,UAH,1.0
2024-03-17,UAH,UAH,1.0
2024-03-18,UAH,UAH,1.0
2024-03-19,UAH,UAH,1.0
2024-03-20,UAH,UAH,1.0
2024-03-21,UAH,UAH,1.0
2024-03-22,UAH,UAH,1.0
2024-03-23,UAH,UAH,1.0
2024-03-24,UAH,UAH,1.0
2024-03-25,UAH,UAH,1.0
2024-03-26,UAH,UAH,1.0
2024-03-27,UAH,UAH,1.0
2024-03-28,UAH,UAH,1.0
2024-03-29,UAH,UAH,1.0
2024-03-30,UAH,UAH,1.0
2024-03-31,UAH,UAH,1.0
2024-04-01,UAH,UAH,1.0
2024-04-02,UAH,UAH,1.0
2024-04-03,UAH,UAH,1.0
2024-04-04,UAH,UAH,1.0
2024-04-05,UAH,UAH,1.0
2024-04-06,UAH,UAH,1.0
2024-04-07,UAH,UAH,1.0
2024-04-08,UAH,UAH,1.0
2024-04-09,UAH,UAH,1.0
2024-04-10,UAH,UAH,1.0
2024-04-11,UAH,UAH,1.0
2024-04-12,UAH,UAH,1.0
2024-04-13,UAH,UAH,1.0
2024-04-14,UAH,UAH,1.0
2024-04-15,UAH,UAH,1.0
2024-04-16,UAH,UAH,1.0
2024-04-17,UAH,UAH,1.0
2024-04-18,UAH,UAH,1.0
2024-04-19,UAH,UAH,1.0
2024-04-20,UAH,UAH,1.0
2024-04-21,UAH,UAH,1.0
2024-04-22,UAH,UAH,1.0
2024-04-23,UAH,UAH,1.0
2024-04-24,UAH,UAH,1.0
2024-04-25,UAH,UAH,1.0
2024-04-26,UAH,UAH,1.0
2024-04-27,UAH,UAH,1.0
2024-04-28,UAH,UAH,1.0
2024-04-29,UAH,UAH,1.0
2024-04-30,UAH,UAH,1.0
2024-05-01,UAH,UAH,1.0
2024-05-02,UAH,UAH,1.0
2024-05-03,UAH,UAH,1.0
2024-05-04,UAH,UAH,1.0
2024-05-05,UAH,UAH,1.0
2024-05-06,UAH,UAH,1.0
2024-05-07,UAH,UAH,1.0
2024-05-08,UAH,UAH,1.0
2024-05-09,UAH,UAH,1.0
2024-05-10,UAH,UAH,1.0
2024-05-11,UAH,UAH,1.0
2024-05-12,UAH,UAH,1.0
2024-05-13,UAH,UAH,1.0
2024-05-14,UAH,UAH,1.0
2024-05-15,UAH,UAH,1.0
2024-05-16,UAH,UAH,1.0
2024-05-17,UAH,UAH,1.0
2024-05-18,UAH,UAH,1.0
2024-05-19,UAH,UAH,1.0
2024-05-20,UAH,UAH,1.0
2024-05-21,UAH,UAH,1.0
2024-05-22,UAH,UAH,1.0
2024-05-23,UAH,UAH,1.0
2024-05-24,UAH,UAH,1.0
2024-05-25,UAH,UAH,1.0
2024-05-26,UAH,UAH,1.0
2024-05-27,UAH,UAH,1.0
2024-05-28,UAH,UAH,1.0
2024-05-29,UAH,UAH,1.0
2024-05-30,UAH,UAH,1.0
2024-05-31,UAH,UAH,1.0
2024-06-01,UAH,UAH,1.0
2024-06-02,UAH,UAH,1.0
2024-06-03,UAH,UAH,1.0
2024-06-04,UAH,UAH,1.0
2024-06-05,UAH,UAH,1.0
2024-06-06,UAH,UAH,1.0
2024-06-07,UAH,UAH,1.0
2024-06-08,UAH,UAH,1.0
2024-06-09,UAH,UAH,1.0
2024-06-10,UAH,UAH,1.0
2024-06-11,UAH,UAH,1.0
2024-06-12,UAH,UAH,1.0
2024-06-13,UAH,UAH,1.0
2024-06-14,UAH,UAH,1.0
2024-06-15,UAH,UAH,1.0
2024-06-16,UAH,UAH,1.0
2024-06-17,UAH,UAH,1.0
2024-06-18,UAH,UAH,1.0
2024-06-19,UAH,UAH,1.0
2024-06-20,UAH,UAH,1.0
2024-06-21,UAH,UAH,1.0
2024-06-22,UAH,UAH,1.0
2024-06-23,UAH,UAH,1.0
2024-06-24,UAH,UAH,1.0
2024-06-25,UAH,UAH,1.0
2024-06-26,UAH,UAH,1.0
2024-06-27,UAH,UAH,1.0
2024-06-28,UAH,UAH,1.0
2024-06-29,UAH,UAH,1.0
2024-06-30,UAH,UAH,1.0
2024-07-01,UAH,UAH,1.0
2024-07-02,UAH,UAH,1.0
2024-07-03,UAH,UAH,1.0
2024-07-04,UAH,UAH,1.0
2024-07-05,UAH,UAH,1.0
2024-07-06,UAH,UAH,1.0
2024-07-07,UAH,UAH,1.0
2024-07-08,UAH,UAH,1.0
2024-07-09,UAH,UAH,1.0
2024-07-10,UAH,UAH,1.0
2024-07-11,UAH,UAH,1.0
2024-07-12,UAH,UAH,1.0
2024-07-13,UAH,UAH,1.0
2024-07-14,UAH,UAH,1.0
2024-07-15,UAH,UAH,1.0
2024-07-16,UAH,UAH,1.0
2024-07-17,UAH,UAH,1.0
2024-07-18,UAH,UAH,1.0
2024-07-19,UAH,UAH,1.0
2024-07-20,UAH,UAH,1.0
2024-07-21,UAH,UAH,1.0
2024-07-22,UAH,UAH,1.0
2024-07-23,UAH,UAH,1.0
2024-07-24,UAH,UAH,1.0
2024-07-25,UAH,UAH,1.0
2024-07-26,UAH,UAH,1.0
2024-07-27,UAH,UAH,1.0
2024-07-28,UAH,UAH,1.0
2024-07-29,UAH,UAH,1.0
2024-07-30,UAH,UAH,1.0
2024-07-31,UAH,UAH,1.0
2024-08-01,UAH,UAH,1.0
2024-08-02,UAH,UAH,1.0
2024-08-03,UAH,UAH,1.0
2024-08-04,UAH,UAH,1.0
2024-08-05,UAH,UAH,1.0
2024-08-06,UAH,UAH,1.0
2024-08-07,UAH,UAH,1.0
2024-08-08,UAH,UAH,1.0
2024-08-09,UAH,UAH,1.0
2024-08-10,UAH,UAH,1.0
2024-08-11,UAH,UAH,1.0
2024-08-12,UAH,UAH,1.0
2024-08-13,UAH,UAH,1.0
2024-08-14,UAH,UAH,1.0
2024-08-15,UAH,UAH,1.0
2024-08-16,UAH,UAH,1.0
2024-08-17,UAH,UAH,1.0
2024-08-18,UAH,UAH,1.0
2024-08-19,UAH,UAH,1.0
2024-08-20,UAH,UAH,1.0
2024-08-21,UAH,UAH,1.0
2024-08-22,UAH,UAH,1.0
2024-08-23,UAH,UAH,1.0
2024-08-24,UAH,UAH,1.0
2024-08-25,UAH,UAH,1.0
2024-08-26,UAH,UAH,1.0
2024-08-27,UAH,UAH,1.0
2024-08-28,UAH,UAH,1.0
2024-08-29,UAH,UAH,1.0
2024-08-30,UAH,UAH,1.0
2024-08-31,UAH,UAH,1.0
2024-09-01,UAH,UAH,1.0
2024-09-02,UAH,UAH,1.0
2024-09-03,UAH,UAH,1.0
2024-09-04,UAH,UAH,1.0
2024-09-05,UAH,UAH,1.0
2024-09-06,UAH,UAH,1.0
2024-09-07,UAH,UAH,1.0
2024-09-08,UAH,UAH,1.0
2024-09-09,UAH,UAH,1.0
2024-09-10,UAH,UAH,1.0
2024-09-11,UAH,UAH,1.0
2024-09-12,UAH,UAH,1.0
2024-09-13,UAH,UAH,1.0
2024-09-14,UAH,UAH,1.0
2024-09-15,UAH,UAH,1.0
2024-09-16,UAH,UAH,1.0
2024-09-17,UAH,UAH,1.0
2024-09-18,UAH,UAH,1.0
2024-09-19,UAH,UAH,1.0
2024-09-20,UAH,UAH,1.0
2024-09-21,UAH,UAH,1.0
2024-09-22,UAH,UAH,1.0
2024-09-23,UAH,UAH,1.0
2024-09-24,UAH,UAH,1.0
2024-09-25,UAH,UAH,1.0
2024-09-26,UAH,UAH,1.0
2024-09-27,UAH,UAH,1.0
2024-09-28,UAH,UAH,1.0
2024-09-29,UAH,UAH,1.0
2024-09-30,UAH,UAH,1.0
2024-10-01,UAH,UAH,1.0
2024-10-02,UAH,UAH,1.0
2024-10-03,UAH,UAH,1.0
2024-10-04,UAH,UAH,1.0
2024-10-05,UAH,UAH,1.0
2024-10-06,UAH,UAH,1.0
2024-10-07,UAH,UAH,1.0
2024-10-08,UAH,UAH,1.0
2024-10-09,UAH,UAH,1.0
2024-10-10,UAH,UAH,1.0
2024-10-11,UAH,UAH,1.0
2024-10-12,UAH,UAH,1.0
2024-10-13,UAH,UAH,1.0
2024-10-14,UAH,UAH,1.0
2024-10-15,UAH,UAH,1.0
2024-10-16,UAH,UAH,1.0
2024-10-17,UAH,UAH,1.0
2024-10-18,UAH,UAH,1.0
2024-10-19,UAH,UAH,1.0
2024-10-20,UAH,UAH,1.0
2024-10-21,UAH,UAH,1.0
2024-10-22,UAH,UAH,1.0
2024-10-23,UAH,UAH,1.0
2024-10-24,UAH,UAH,1.0
2024-10-25,UAH,UAH,1.0
2024-10-26,UAH,UAH,1.0
2024-10-27,UAH,UAH,1.0
2024-10-28,UAH,UAH,1.0
2024-10-29,UAH,UAH,1.0
2024-10-30,UAH,UAH,1.0
2024-10-31,UAH,UAH,1.0
2024-11-01,UAH,UAH,1.0
2024-11-02,UAH,UAH,1.0
2024-11-03,UAH,UAH,1.0
2024-11-04,UAH,UAH,1.0
2024-11-05,UAH,UAH,1.0
2024-11-06,UAH,UAH,1.0
2024-11-07,UAH,UAH,1.0
2024-11-08,UAH,UAH,1.0
2024-11-09,UAH,UAH,1.0
2024-11-10,UAH,UAH,1.0
2024-11-11,UAH,UAH,1.0
2024-11-12,UAH,UAH,1.0
2024-11-13,UAH,UAH,1.0
2024-11-14,UAH,UAH,1.0
2024-11-15,UAH,UAH,1.0
2024-11-16,UAH,UAH,1.0
2024-11-17,UAH,UAH,1.0
2024-11-18,UAH,UAH,1.0
2024-11-19,UAH,UAH,1.0
2024-11-20,UAH,UAH,1.0
2024-11-21,UAH,UAH,1.0
2024-11-22,UAH,UAH,1.0
2024-11-23,UAH,UAH,1.0
2024-11-24,UAH,UAH,1.0
2024-11-25,UAH,UAH,1.0
2024-11-26,UAH,UAH,1.0
2024-11-27,UAH,UAH,1.0
2024-11-28,UAH,UAH,1.0
2024-11-29,UAH,UAH,1.0
2024-11-30,UAH,UAH,1.0
2024-12-01,UAH,UAH,1.0
2024-12-02,UAH,UAH,1.0
2024-12-03,UAH,UAH,1.0
2024-12-04,UAH,UAH,1.0
2024-12-05,UAH,UAH,1.0
2024-12-06,UAH,UAH,1.0
2024-12-07,UAH,UAH,1.0
2024-12-08,UAH,UAH,1.0
2024-12-09,UAH,UAH,1.0
2024-12-10,UAH,UAH,1.0
2024-12-11,UAH,UAH,1.0
2024-12-12,UAH,UAH,1.0
2024-12-13,UAH,UAH,1.0
2024-12-14,UAH,UAH,1.0
2024-12-15,UAH,UAH,1.0
2024-12-16,UAH,UAH,1.0
2024-12-17,UAH,UAH,1.0
2024-12-18,UAH,UAH,1.0
2024-12-19,UAH,UAH,1.0
2024-12-20,UAH,UAH,1.0
2024-12-21,UAH,UAH,1.0
2024-12-22,UAH,UAH,1.0
2024-12-23,UAH,UAH,1.0
2024-12-24,UAH,UAH,1.0
2024-12-25,UAH,UAH,1.0
2024-12-26,UAH,UAH,1.0
2024-12-27,UAH,UAH,1.0
2024-12-28,UAH,UAH,1.0
2024-12-29,UAH,UAH,1.0
2024-12-30,UAH,UAH,1.0
2024-12-31,UAH,UAH,1.0
2025-01-01,UAH,UAH,1.0
2025-01-02,UAH,UAH,1.0
2025-01-03,UAH,UAH,1.0
2025-01-04,UAH,UAH,1.0
2025-01-05,UAH,UAH,1.0
2025-01-06,UAH,UAH,1.0
2025-01-07,UAH,UAH,1.0
2025-01-08,UAH,UAH,1.0
2025-01-09,UAH,UAH,1.0
2025-01-10,UAH,UAH,1.0
2025-01-11,UAH,UAH,1.0
2025-01-12,UAH,UAH,1.0
2025-01-13,UAH,UAH,1.0
2025-01-14,UAH,UAH,1.0
2025-01-15,UAH,UAH,1.0
2025-01-16,UAH,UAH,1.0
2025-01-17,UAH,UAH,1.0
2025-01-18,UAH,UAH,1.0
2025-01-19,UAH,UAH,1.0
2025-01-20,UAH,UAH,1.0
2025-01-21,UAH,UAH,1.0
2025-01-22,UAH,UAH,1.0
2025-01-23,UAH,UAH,1.0
2025-01-24,UAH,UAH,1.0
2025-01-25,UAH,UAH,1.0
2025-01-26,UAH,UAH,1.0
2025-01-27,UAH,UAH,1.0
2025-01-28,UAH,UAH,1.0
2025-01-29,UAH,UAH,1.0
2025-01-30,UAH,UAH,1.0
2025-01-31,UAH,UAH,1.0
2025-02-01,UAH,UAH,1.0
2025-02-02,UAH,UAH,1.0
2025-02-03,UAH,UAH,1.0
2025-02-04,UAH,UAH,1.0
2025-02-05,UAH,UAH,1.0
2025-02-06,UAH,UAH,1.0
2025-02-07,UAH,UAH,1.0
2025-02-08,UAH,UAH,1.0
2025-02-09,UAH,UAH,1.0
2025-02-10,UAH,UAH,1.0
2025-02-11,UAH,UAH,1.0
2025-02-12,UAH,UAH,1.0
2025-02-13,UAH,UAH,1.0
2025-02-14,UAH,UAH,1.0
2025-02-15,UAH,UAH,1.0
2025-02-16,UAH,UAH,1.0
2025-02-17,UAH,UAH,1.0
2025-02-18,UAH,UAH,1.0
2025-02-19,UAH,UAH,1.0
2025-02-20,UAH,UAH,1.0
2025-02-21,UAH,UAH,1.0
2025-02-22,UAH,UAH,1.0
2025-02-23,UAH,UAH,1.0
2025-02-24,UAH,UAH,1.0
2025-02-25,UAH,UAH,1.0
2025-02-26,UAH,UAH,1.0
2025-02-27,UAH,UAH,1.0
2025-02-28,UAH,UAH,1.0
2025-03-01,UAH,UAH,1.0
2025-03-02,UAH,UAH,1.0
2025-03-03,UAH,UAH,1.0
2025-03-04,UAH,UAH,1.0
2025-03-05,UAH,UAH,1.0
2025-03-06,UAH,UAH,1.0
2025-03-07,UAH,UAH,1.0
2025-03-08,UAH,UAH,1.0
2025-03-09,UAH,UAH,1.0
2025-03-10,UAH,UAH,1.0
2025-03-11,UAH,UAH,1.0
2025-03-12,UAH,UAH,1.0
2025-03-13,UAH,UAH,1.0
2025-03-14,UAH,UAH,1.0
2025-03-15,UAH,UAH,1.0
2025-03-16,UAH,UAH,1.0
2025-03-17,UAH,UAH,1.0
2025-03-18,UAH,UAH,1.0
2025-03-19,UAH,UAH,1.0
2025-03-20,UAH,UAH,1.0
2025-03-21,UAH,UAH,1.0
2025-03-22,UAH,UAH,1.0
2025-03-23,UAH,UAH,1.0
2025-03-24,UAH,UAH,1.0
2025-03-25,UAH,UAH,1.0
2025-03-26,UAH,UAH,1.0
2025-03-27,UAH,UAH,1.0
2025-03-28,UAH,UAH,1.0
2025-03-29,UAH,UAH,1.0
2025-03-30,UAH,UAH,1.0
2025-03-31,UAH,UAH,1.0
2025-04-01,UAH,UAH,1.0
2025-04-02,UAH,UAH,1.0
2025-04-03,UAH,UAH,1.0
2025-04-04,UAH,UAH,1.0
2025-04-05,UAH,UAH,1.0
2025-04-06,UAH,UAH,1.0
2025-04-07,UAH,UAH,1.0
2025-04-08,UAH,UAH,1.0
2025-04-09,UAH,UAH,1.0
2025-04-10,UAH,UAH,1.0
2025-04-11,UAH,UAH,1.0
2025-04-12,UAH,UAH,1.0
2025-04-13,UAH,UAH,1.0
2025-04-14,UAH,UAH,1.0
2025-04-15,UAH,UAH,1.0
2025-04-16,UAH,UAH,1.0
2025-04-17,UAH,UAH,1.0
2025-04-18,UAH,UAH,1.0
2025-04-19,UAH,UAH,1.0
2025-04-20,UAH,UAH,1.0
2025-04-21,UAH,UAH,1.0
2025-04-22,UAH,UAH,1.0
2025-04-23,UAH,UAH,1.0
2025-04-24,UAH,UAH,1.0
2025-04-25,UAH,UAH,1.0
2025-04-26,UAH,UAH,1.0
2025-04-27,UAH,UAH,1.0
2025-04-28,UAH,UAH,1.0
2025-04-29,UAH,UAH,1.0
2025-04-30,UAH,UAH,1.0
2025-05-01,UAH,UAH,1.0
2025-05-02,UAH,UAH,1.0
2025-05-03,UAH,UAH,1.0
2025-05-04,UAH,UAH,1.0
2025-05-05,UAH,UAH,1.0
2025-05-06,UAH,UAH,1.0
2025-05-07,UAH,UAH,1.0
2025-05-08,UAH,UAH,1.0
2025-05-09,UAH,UAH,1.0
2025-05-10,UAH,UAH,1.0
2025-05-11,UAH,UAH,1.0
2025-05-12,UAH,UAH,1.0
2025-05-13,UAH,UAH,1.0
2025-05-14,UAH,UAH,1.0
2025-05-15,UAH,UAH,1.0
2025-05-16,UAH,UAH,1.0
2025-05-17,UAH,UAH,1.0
2025-05-18,UAH,UAH,1.0
2025-05-19,UAH,UAH,1.0
2025-05-20,UAH,UAH,1.0
2025-05-21,UAH,UAH,1.0
2025-05-22,UAH,UAH,1.0
2025-05-23,UAH,UAH,1.0
2025-05-24,UAH,UAH,1.0
2025-05-25,UAH,UAH,1.0
2025-05-26,UAH,UAH,1.0
2025-05-27,UAH,UAH,1.0
2025-05-28,UAH,UAH,1.0
2025-05-29,UAH,UAH,1.0
2025-05-30,UAH,UAH,1.0
2025-05-31,UAH,UAH,1.0
2025-06-01,UAH,UAH,1.0
2025-06-02,UAH,UAH,1.0
2025-06-03,UAH,UAH,1.0
2025-06-04,UAH,UAH,1.0
2025-06-05,UAH,UAH,1.0
2025-06-06,UAH,UAH,1.0
2025-06-07,UAH,UAH,1.0
2025-06-08,UAH,UAH,1.0
2025-06-09,UAH,UAH,1.0
2025-06-10,UAH,UAH,1.0
2025-06-11,UAH,UAH,1.0
2025-06-12,UAH,UAH,1.0
2025-06-13,UAH,UAH,1.0
2025-06-14,UAH,UAH,1.0
2025-06-15,UAH,UAH,1.0
2025-06-16,UAH,UAH,1.0
2025-06-17,UAH,UAH,1.0
2025-06-18,UAH,UAH,1.0
2025-06-19,UAH,UAH,1.0
2025-06-20,UAH,UAH,1.0
2025-06-21,UAH,UAH,1.0
2025-06-22,UAH,UAH,1.0
2025-06-23,UAH,UAH,1.0
2025-06-24,UAH,UAH,1.0
2025-06-25,UAH,UAH,1.0
2025-06-26,UAH,UAH,1.0
2025-06-27,UAH,UAH,1.0
2025-06-28,UAH,UAH,1.0
2025-06-29,UAH,UAH,1.0
2025-06-30,UAH,UAH,1.0
2025-07-01,UAH,UAH,1.0
2025-07-02,UAH,UAH,1.0
2025-07-03,UAH,UAH,1.0
2025-07-04,UAH,UAH,1.0
2025-07-05,UAH,UAH,1.0
2025-07-06,UAH,UAH,1.0
2025-07-07,UAH,UAH,1.0
2025-07-08,UAH,UAH,1.0
2025-07-09,UAH,UAH,1.0
2025-07-10,UAH,UAH,1.0
2025-07-11,UAH,UAH,1.0
2025-07-12,UAH,UAH,1.0
2025-07-13,UAH,UAH,1.0
2025-07-14,UAH,UAH,1.0
2025-07-15,UAH,UAH,1.0
2025-07-16,UAH,UAH,1.0
2025-07-17,UAH,UAH,1.0
2025-07-18,UAH,UAH,1.0
2025-07-19,UAH,UAH,1.0
2025-07-20,UAH,UAH,1.0
2025-07-21,UAH,UAH,1.0
2025-07-22,UAH,UAH,1.0
2025-07-23,UAH,UAH,1.0
2025-07-24,UAH,UAH,1.0
2025-07-25,UAH,UAH,1.0
2025-07-26,UAH,UAH,1.0
2025-07-27,UAH,UAH,1.0
2025-07-28,UAH,UAH,1.0
2025-07-29,UAH,UAH,1.0
2025-07-30,UAH,UAH,1.0
2025-07-31,UAH,UAH,1.0
2025-08-01,UAH,UAH,1.0
2025-08-02,UAH,UAH,1.0
2025-08-03,UAH,UAH,1.0
2025-08-04,UAH,UAH,1.0
2025-08-05,UAH,UAH,1.0
2025-08-06,UAH,UAH,1.0
2025-08-07,UAH,UAH,1.0
2025-08-08,UAH,UAH,1.0
2025-08-09,UAH,UAH,1.0
2025-08-10,UAH,UAH,1.0
2025-08-11,UAH,UAH,1.0
2025-08-12,UAH,UAH,1.0
2025-08-13,UAH,UAH,1.0
2025-08-14,UAH,UAH,1.0
2025-08-15,UAH,UAH,1.0
2025-08-16,UAH,UAH,1.0
2025-08-17,UAH,UAH,1.0
2025-08-18,UAH,UAH,1.0
2025-08-19,UAH,UAH,1.0
2025-08-20,UAH,UAH,1.0
2025-08-21,UAH,UAH,1.0
2025-08-22,UAH,UAH,1.0
2025-08-23,UAH,UAH,1.0
2025-08-24,UAH,UAH,1.0
2025-08-25,UAH,UAH,1.0
2025-08-26,UAH,UAH,1.0
2025-08-27,UAH,UAH,1.0
2025-08-28,UAH,UAH,1.0
2025-08-29,UAH,UAH,1.0
2025-08-30,UAH,UAH,1.0
2025-08-31,UAH,UAH,1.0
2025-09-01,UAH,UAH,1.0
2025-09-02,UAH,UAH,1.0
2025-09-03,UAH,UAH,1.0
2025-09-04,UAH,UAH,1.0
2025-09-05,UAH,UAH,1.0
2025-09-06,UAH,UAH,1.0
2025-09-07,UAH,UAH,1.0
2025-09-08,UAH,UAH,1.0
2025-09-09,UAH,UAH,1.0
2025-09-10,UAH,UAH,1.0
2025-09-11,UAH,UAH,1.0
2025-09-12,UAH,UAH,1.0
2025-09-13,UAH,UAH,1.0
2025-09-14,UAH,UAH,1.0
2025-09-15,UAH,UAH,1.0
2025-09-16,UAH,UAH,1.0
2025-09-17,UAH,UAH,1.0
2025-09-18,UAH,UAH,1.0
2025-09-19,UAH,UAH,1.0
2025-09-20,UAH,UAH,1.0
2025-09-21,UAH,UAH,1.0
2025-09-22,UAH,UAH,1.0
2025-09-23,UAH,UAH,1.0
2025-09-24,UAH,UAH,1.0
2025-09-25,UAH,UAH,1.0
2025-09-26,UAH,UAH,1.0
2025-09-27,UAH,UAH,1.0
2025-09-28,UAH,UAH,1.0
2025-09-29,UAH,UAH,1.0
2025-09-30,UAH,UAH,1.0
2025-10-01,UAH,UAH,1.0
2025-10-02,UAH,UAH,1.0
2025-10-03,UAH,UAH,1.0
2025-10-04,UAH,UAH,1.0
2025-10-05,UAH,UAH,1.0
2025-10-06,UAH,UAH,1.0
2025-10-07,UAH,UAH,1.0
2025-10-08,UAH,UAH,1.0
2025-10-09,UAH,UAH,1.0
2025-10-10,UAH,UAH,1.0
2025-10-11,UAH,UAH,1.0
2025-10-12,UAH,UAH,1.0
2025-10-13,UAH,UAH,1.0
2025-10-14,UAH,UAH,1.0
2025-10-15,UAH,UAH,1.0
2025-10-16,UAH,UAH,1.0
2025-10-17,UAH,UAH,1.0
2025-10-18,UAH,UAH,1.0
2025-10-19,UAH,UAH,1.0
2025-10-20,UAH,UAH,1.0
2025-10-21,UAH,UAH,1.0
2025-10-22,UAH,UAH,1.0
2025-10-23,UAH,UAH,1.0
2025-10-24,UAH,UAH,1.0
2025-10-25,UAH,UAH,1.0
2025-10-26,UAH,UAH,1.0
2025-10-27,UAH,UAH,1.0
2025-10-28,UAH,UAH,1.0
2025-10-29,UAH,UAH,1.0
2025-10-30,UAH,UAH,1.0
2025-10-31,UAH,UAH,1.0
2025-11-01,UAH,UAH,1.0
2025-11-02,UAH,UAH,1.0
2025-11-03,UAH,UAH,1.0
2025-11-04,UAH,UAH,1.0
2025-11-05,UAH,UAH,1.0
2025-11-06,UAH,UAH,1.0
2025-11-07,UAH,UAH,1.0
2025-11-08,UAH,UAH,1.0
2025-11-09,UAH,UAH,1.0
2025-11-10,UAH,UAH,1.0
2025-11-11,UAH,UAH,1.0
2025-11-12,UAH,UAH,1.0
2025-11-13,UAH,UAH,1.0
2025-11-14,UAH,UAH,1.0
2025-11-15,UAH,UAH,1.0
2025-11-16,UAH,UAH,1.0
2025-11-17,UAH,UAH,1.0
2025-11-18,UAH,UAH,1.0
2025-11-19,UAH,UAH,1.0
2025-11-20,UAH,UAH,1.0
2025-11-21,UAH,UAH,1.0
2025-11-22,UAH,UAH,1.0
2025-11-23,UAH,UAH,1.0
2025-11-24,UAH,UAH,1.0
2025-11-25,UAH,UAH,1.0
2025-11-26,UAH,UAH,1.0
2025-11-27,UAH,UAH,1.0
2025-11-28,UAH,UAH,1.0
2025-11-29,UAH,UAH,1.0
2025-11-30,UAH,UAH,1.0
2025-12-01,UAH,UAH,1.0
2025-12-02,UAH,UAH,1.0
2025-12-03,UAH,UAH,1.0
2025-12-04,UAH,UAH,1.0
2025-12-05,UAH,UAH,1.0
2025-12-06,UAH,UAH,1.0
2025-12-07,UAH,UAH,1.0
2025-12-08,UAH,UAH,1.0
2025-12-09,UAH,UAH,1.0
2025-12-10,UAH,UAH,1.0
2025-12-11,UAH,UAH,1.0
2025-12-12,UAH,UAH,1.0
2025-12-13,UAH,UAH,1.0
2025-12-14,UAH,UAH,1.0
2025-12-15,UAH,UAH,1.0
2025-12-16,UAH,UAH,1.0
2025-12-17,UAH,UAH,1.0
2025-12-18,UAH,UAH,1.0
2025-12-19,UAH,UAH,1.0
2025-12-20,UAH,UAH,1.0
2025-12-21,UAH,UAH,1.0
2025-12-22,UAH,UAH,1.0
2025-12-23,UAH,UAH,1.0
2025-12-24,UAH,UAH,1.0
2025-12-25,UAH,UAH,1.0
2025-12-26,UAH,UAH,1.0
2025-12-27,UAH,UAH,1.0
2025-12-28,UAH,UAH,1.0
2025-12-29,UAH,UAH,1.0
2025-12-30,UAH,UAH,1.0
2025-12-31,UAH,UAH,1.0
2024-01-01,EUR,UAH,44.861
2024-01-02,EUR,UAH,44.547
2024-01-03,EUR,UAH,44.4768
2024-01-04,EUR,UAH,44.8093
2024-01-05,EUR,UAH,45.2196
2024-01-06,EUR,UAH,45.0228
2024-01-07,EUR,UAH,44.3662
2024-01-08,EUR,UAH,44.1187
2024-01-09,EUR,UAH,44.2314
2024-01-10,EUR,UAH,44.2589
2024-01-11,EUR,UAH,44.2033
2024-01-12,EUR,UAH,43.9504
2024-01-13,EUR,UAH,43.5304
2024-01-14,EUR,UAH,43.5124
2024-01-15,EUR,UAH,43.004
2024-01-16,EUR,UAH,43.0897
2024-01-17,EUR,UAH,43.1406
2024-01-18,EUR,UAH,43.2152
2024-01-19,EUR,UAH,43.23
2024-01-20,EUR,UAH,42.8894
2024-01-21,EUR,UAH,42.9936
2024-01-22,EUR,UAH,42.8719
2024-01-23,EUR,UAH,43.408
2024-01-24,EUR,UAH,43.5924
2024-01-25,EUR,UAH,43.0743
2024-01-26,EUR,UAH,42.6531
2024-01-27,EUR,UAH,42.8817
2024-01-28,EUR,UAH,42.8262
2024-01-29,EUR,UAH,42.927
2024-01-30,EUR,UAH,43.3454
2024-01-31,EUR,UAH,43.3603
2024-02-01,EUR,UAH,43.6717
2024-02-02,EUR,UAH,43.888
2024-02-03,EUR,UAH,44.2129
2024-02-04,EUR,UAH,44.0479
2024-02-05,EUR,UAH,43.9326
2024-02-06,EUR,UAH,43.9948
2024-02-07,EUR,UAH,43.5644
2024-02-08,EUR,UAH,43.5234
2024-02-09,EUR,UAH,43.5311
2024-02-10,EUR,UAH,43.6222
2024-02-11,EUR,UAH,43.4815
2024-02-12,EUR,UAH,43.8354
2024-02-13,EUR,UAH,43.6587
2024-02-14,EUR,UAH,43.8132
2024-02-15,EUR,UAH,43.5888
2024-02-16,EUR,UAH,43.979
2024-02-17,EUR,UAH,43.895
2024-02-18,EUR,UAH,43.8894
2024-02-19,EUR,UAH,43.9824
2024-02-20,EUR,UAH,44.0564
2024-02-21,EUR,UAH,44.5265
2024-02-22,EUR,UAH,44.3884
2024-02-23,EUR,UAH,44.6004
2024-02-24,EUR,UAH,44.9435
2024-02-25,EUR,UAH,45.319
2024-02-26,EUR,UAH,45.8751
2024-02-27,EUR,UAH,46.2465
2024-02-28,EUR,UAH,46.7549
2024-02-29,EUR,UAH,47.0002
2024-03-01,EUR,UAH,47.4984
2024-03-02,EUR,UAH,47.5209
2024-03-03,EUR,UAH,47.688
2024-03-04,EUR,UAH,47.5932
2024-03-05,EUR,UAH,48.002
2024-03-06,EUR,UAH,48.0647
2024-03-07,EUR,UAH,48.5463
2024-03-08,EUR,UAH,48.6526
2024-03-09,EUR,UAH,48.4646
2024-03-10,EUR,UAH,48.0892
2024-03-11,EUR,UAH,48.4131
2024-03-12,EUR,UAH,48.1076
2024-03-13,EUR,UAH,48.3487
2024-03-14,EUR,UAH,48.2234
2024-03-15,EUR,UAH,47.8191
2024-03-16,EUR,UAH,47.0566
2024-03-17,EUR,UAH,46.8452
2024-03-18,EUR,UAH,47.0601
2024-03-19,EUR,UAH,47.4134
2024-03-20,EUR,UAH,46.8584
2024-03-21,EUR,UAH,46.9288
2024-03-22,EUR,UAH,47.4057
2024-03-23,EUR,UAH,46.9355
2024-03-24,EUR,UAH,46.9472
2024-03-25,EUR,UAH,46.6525
2024-03-26,EUR,UAH,46.4638
2024-03-27,EUR,UAH,46.5661
2024-03-28,EUR,UAH,46.5206
2024-03-29,EUR,UAH,46.4033
2024-03-30,EUR,UAH,46.2859
2024-03-31,EUR,UAH,46.2023
2024-04-01,EUR,UAH,46.3929
2024-04-02,EUR,UAH,46.6269
2024-04-03,EUR,UAH,46.6182
2024-04-04,EUR,UAH,46.5979
2024-04-05,EUR,UAH,46.4508
2024-04-06,EUR,UAH,46.7813
2024-04-07,EUR,UAH,46.6676
2024-04-08,EUR,UAH,46.6178
2024-04-09,EUR,UAH,46.8267
2024-04-10,EUR,UAH,46.8675
2024-04-12,EUR,UAH,46.4429
2024-04-13,EUR,UAH,46.2723
2024-04-14,EUR,UAH,46.4657
2024-04-15,EUR,UAH,46.4903
2024-04-16,EUR,UAH,46.3026
2024-04-17,EUR,UAH,46.5462
2024-04-18,EUR,UAH,46.6172
2024-04-19,EUR,UAH,46.6854
2024-04-20,EUR,UAH,46.687
2024-04-21,EUR,UAH,46.9031
2024-04-22,EUR,UAH,47.1014
2024-04-23,EUR,UAH,47.1005
2024-04-24,EUR,UAH,46.4819
2024-04-25,EUR,UAH,46.7834
2024-04-26,EUR,UAH,46.7576
2024-04-27,EUR,UAH,46.3895
2024-04-28,EUR,UAH,46.5904
2024-04-29,EUR,UAH,46.5103
2024-04-30,EUR,UAH,46.7447
2024-05-01,EUR,UAH,46.2692
2024-05-02,EUR,UAH,46.4178
2024-05-03,EUR,UAH,46.0352
2024-05-04,EUR,UAH,46.3402
2024-05-05,EUR,UAH,46.8883
2024-05-06,EUR,UAH,46.4305
2024-05-07,EUR,UAH,46.2333
2024-05-08,EUR,UAH,46.0158
2024-05-09,EUR,UAH,46.3948
2024-05-10,EUR,UAH,46.0261
2024-05-11,EUR,UAH,45.8901
2024-05-12,EUR,UAH,45.9839
2024-05-13,EUR,UAH,45.6292
2024-05-15,EUR,UAH,45.7464
2024-05-16,EUR,UAH,45.6458
2024-05-17,EUR,UAH,45.6769
2024-05-18,EUR,UAH,46.063
2024-05-19,EUR,UAH,46.5277
2024-05-20,EUR,UAH,46.6348
2024-05-21,EUR,UAH,47.0272
2024-05-22,EUR,UAH,46.7455
2024-05-23,EUR,UAH,46.8858
2024-05-24,EUR,UAH,47.099
2024-05-25,EUR,UAH,47.5917
2024-05-26,EUR,UAH,47.1919
2024-05-27,EUR,UAH,47.6547
2024-05-28,EUR,UAH,47.487
2024-05-29,EUR,UAH,47.0775
2024-05-30,EUR,UAH,46.9443
2024-05-31,EUR,UAH,46.4726
2024-06-01,EUR,UAH,46.2228
2024-06-02,EUR,UAH,46.2499
2024-06-03,EUR,UAH,45.9144
2024-06-04,EUR,UAH,45.7413
2024-06-05,EUR,UAH,45.499
2024-06-06,EUR,UAH,45.522
2024-06-07,EUR,UAH,45.9951
2024-06-08,EUR,UAH,46.2136
2024-06-09,EUR,UAH,45.8056
2024-06-10,EUR,UAH,45.9845
2024-06-11,EUR,UAH,46.0929
2024-06-12,EUR,UAH,45.6795
2024-06-13,EUR,UAH,45.6693
2024-06-14,EUR,UAH,45.3723
2024-06-15,EUR,UAH,44.9581
2024-06-16,EUR,UAH,45.2958
2024-06-17,EUR,UAH,45.107
2024-06-18,EUR,UAH,45.3118
2024-06-19,EUR,UAH,45.3803
2024-06-20,EUR,UAH,45.0817
2024-06-21,EUR,UAH,45.0471
2024-06-22,EUR,UAH,44.8965
2024-06-23,EUR,UAH,45.0083
2024-06-24,EUR,UAH,44.6906
2024-06-25,EUR,UAH,44.1925
2024-06-26,EUR,UAH,44.5105
2024-06-27,EUR,UAH,44.5796
2024-06-28,EUR,UAH,44.6759
2024-06-29,EUR,UAH,44.9753
2024-06-30,EUR,UAH,44.941
2024-07-01,EUR,UAH,44.6315
2024-07-02,EUR,UAH,44.2119
2024-07-03,EUR,UAH,43.8793
2024-07-04,EUR,UAH,43.4642
2024-07-05,EUR,UAH,43.2754
2024-07-06,EUR,UAH,43.2393
2024-07-07,EUR,UAH,43.1642
2024-07-08,EUR,UAH,43.3252
2024-07-09,EUR,UAH,42.9006
2024-07-10,EUR,UAH,43.2104
2024-07-11,EUR,UAH,42.9601
2024-07-12,EUR,UAH,42.8267
2024-07-13,EUR,UAH,42.7967
2024-07-14,EUR,UAH,43.1549
2024-07-15,EUR,UAH,43.0623
2024-07-16,EUR,UAH,43.042
2024-07-17,EUR,UAH,42.8562
2024-07-18,EUR,UAH,42.7396
2024-07-19,EUR,UAH,42.8197
2024-07-20,EUR,UAH,43.078
2024-07-21,EUR,UAH,43.0587
2024-07-22,EUR,UAH,43.1365
2024-07-23,EUR,UAH,43.3706
2024-07-24,EUR,UAH,43.8306
2024-07-25,EUR,UAH,43.9346
2024-07-26,EUR,UAH,43.9223
2024-07-27,EUR,UAH,44.0807
2024-07-28,EUR,UAH,44.3866
2024-07-29,EUR,UAH,43.8792
2024-07-30,EUR,UAH,43.964
2024-07-31,EUR,UAH,43.626
2024-08-01,EUR,UAH,43.3458
2024-08-02,EUR,UAH,43.7173
2024-08-03,EUR,UAH,43.8022
2024-08-04,EUR,UAH,43.9311
2024-08-05,EUR,UAH,43.9792
2024-08-06,EUR,UAH,44.016
2024-08-07,EUR,UAH,43.96
2024-08-08,EUR,UAH,43.5112
2024-08-09,EUR,UAH,43.3704
2024-08-10,EUR,UAH,43.2457
2024-08-11,EUR,UAH,43.0482
2024-08-12,EUR,UAH,43.0795
2024-08-13,EUR,UAH,43.1948
2024-08-14,EUR,UAH,43.0201
2024-08-15,EUR,UAH,43.1483
2024-08-16,EUR,UAH,42.8791
2024-08-17,EUR,UAH,42.7928
2024-08-18,EUR,UAH,42.5671
2024-08-19,EUR,UAH,42.4831
2024-08-20,EUR,UAH,42.462
2024-08-21,EUR,UAH,42.8464
2024-08-22,EUR,UAH,43.1955
2024-08-23,EUR,UAH,43.2225
2024-08-24,EUR,UAH,43.4319
2024-08-25,EUR,UAH,43.499
2024-08-26,EUR,UAH,43.526
2024-08-27,EUR,UAH,43.3259
2024-08-28,EUR,UAH,43.618
2024-08-29,EUR,UAH,43.4629
2024-08-30,EUR,UAH,43.3316
2024-08-31,EUR,UAH,43.4535
2024-09-01,EUR,UAH,43.2718
2024-09-02,EUR,UAH,43.3834
2024-09-03,EUR,UAH,43.5825
2024-09-04,EUR,UAH,43.7686
2024-09-05,EUR,UAH,43.6552
2024-09-06,EUR,UAH,43.3824
2024-09-07,EUR,UAH,43.4562
2024-09-08,EUR,UAH,43.3967
2024-09-09,EUR,UAH,43.2811
2024-09-10,EUR,UAH,43.2247
2024-09-11,EUR,UAH,43.3676
2024-09-12,EUR,UAH,43.0962
2024-09-13,EUR,UAH,42.8007
2024-09-14,EUR,UAH,42.8346
2024-09-15,EUR,UAH,43.0133
2024-09-16,EUR,UAH,42.9186
2024-09-17,EUR,UAH,42.9554
2024-09-18,EUR,UAH,43.0398
2024-09-19,EUR,UAH,42.8972
2024-09-20,EUR,UAH,42.7904
2024-09-21,EUR,UAH,43.2454
2024-09-22,EUR,UAH,43.4085
2024-09-23,EUR,UAH,43.5491
2024-09-24,EUR,UAH,43.7178
2024-09-25,EUR,UAH,44.2289
2024-09-26,EUR,UAH,43.9433
2024-09-27,EUR,UAH,43.9424
2024-09-28,EUR,UAH,44.3104
2024-09-29,EUR,UAH,44.2537
2024-09-30,EUR,UAH,44.3896
2024-10-01,EUR,UAH,44.4197
2024-10-02,EUR,UAH,44.3099
2024-10-03,EUR,UAH,44.6659
2024-10-04,EUR,UAH,44.7049
2024-10-05,EUR,UAH,45.0457
2024-10-06,EUR,UAH,44.9091
2024-10-07,EUR,UAH,44.5064
2024-10-08,EUR,UAH,44.5708
2024-10-09,EUR,UAH,44.4881
2024-10-10,EUR,UAH,44.5669
2024-10-11,EUR,UAH,44.4184
2024-10-12,EUR,UAH,44.4711
2024-10-13,EUR,UAH,44.6466
2024-10-14,EUR,UAH,44.5071
2024-10-15,EUR,UAH,44.4157
2024-10-16,EUR,UAH,44.6127
2024-10-17,EUR,UAH,44.5617
2024-10-18,EUR,UAH,44.7989
2024-10-19,EUR,UAH,44.1
2024-10-20,EUR,UAH,44.4452
2024-10-21,EUR,UAH,44.5083
2024-10-22,EUR,UAH,44.6237
2024-10-23,EUR,UAH,44.4249
2024-10-24,EUR,UAH,45.0986
2024-10-25,EUR,UAH,44.8231
2024-10-26,EUR,UAH,44.8995
2024-10-27,EUR,UAH,44.6417
2024-10-28,EUR,UAH,45.2163
2024-10-29,EUR,UAH,45.438
2024-10-30,EUR,UAH,45.5654
2024-10-31,EUR,UAH,45.4093
2024-11-01,EUR,UAH,45.4972
2024-11-02,EUR,UAH,45.7202
2024-11-03,EUR,UAH,45.8794
2024-11-04,EUR,UAH,45.8229
2024-11-05,EUR,UAH,45.6332
2024-11-06,EUR,UAH,45.5444
2024-11-07,EUR,UAH,45.696
2024-11-08,EUR,UAH,45.6255
2024-11-09,EUR,UAH,45.6735
2024-11-10,EUR,UAH,45.4589
2024-11-11,EUR,UAH,45.1518
2024-11-12,EUR,UAH,45.6838
2024-11-13,EUR,UAH,45.8464
2024-11-14,EUR,UAH,45.5968
2024-11-15,EUR,UAH,45.7737
2024-11-16,EUR,UAH,46.0641
2024-11-17,EUR,UAH,46.2473
2024-11-18,EUR,UAH,45.9257
2024-11-19,EUR,UAH,46.0915
2024-11-20,EUR,UAH,45.7809
2024-11-21,EUR,UAH,45.6223
2024-11-22,EUR,UAH,45.9784
2024-11-23,EUR,UAH,45.637
2024-11-24,EUR,UAH,46.0245
2024-11-25,EUR,UAH,46.0797
2024-11-26,EUR,UAH,46.6022
2024-11-27,EUR,UAH,46.1087
2024-11-28,EUR,UAH,45.47
2024-11-29,EUR,UAH,45.3628
2024-11-30,EUR,UAH,45.2591
2024-12-01,EUR,UAH,45.6553
2024-12-02,EUR,UAH,45.696
2024-12-03,EUR,UAH,45.6486
2024-12-04,EUR,UAH,45.4099
2024-12-05,EUR,UAH,45.0829
2024-12-06,EUR,UAH,45.0951
2024-12-07,EUR,UAH,45.3833
2024-12-08,EUR,UAH,45.3254
2024-12-09,EUR,UAH,45.5842
2024-12-10,EUR,UAH,45.7758
2024-12-11,EUR,UAH,46.1411
2024-12-12,EUR,UAH,46.0512
2024-12-13,EUR,UAH,45.7619
2024-12-14,EUR,UAH,46.0151
2024-12-15,EUR,UAH,45.8409
2024-12-16,EUR,UAH,45.924
2024-12-17,EUR,UAH,46.1344
2024-12-18,EUR,UAH,46.0557
2024-12-19,EUR,UAH,45.9246
2024-12-20,EUR,UAH,45.4618
2024-12-21,EUR,UAH,45.7218
2024-12-22,EUR,UAH,45.7015
2024-12-23,EUR,UAH,45.2819
2024-12-24,EUR,UAH,45.1934
2024-12-25,EUR,UAH,45.5475
2024-12-26,EUR,UAH,45.283
2024-12-27,EUR,UAH,45.5551
2024-12-28,EUR,UAH,45.4055
2024-12-29,EUR,UAH,45.7175
2024-12-30,EUR,UAH,46.0217
2024-12-31,EUR,UAH,46.5099
2025-01-01,EUR,UAH,46.4044
2025-01-02,EUR,UAH,46.4638
2025-01-03,EUR,UAH,46.2836
2025-01-04,EUR,UAH,46.5438
2025-01-05,EUR,UAH,46.9652
2025-01-06,EUR,UAH,46.6147
2025-01-07,EUR,UAH,46.5018
2025-01-08,EUR,UAH,46.7153
2025-01-09,EUR,UAH,46.4325
2025-01-10,EUR,UAH,46.3277
2025-01-11,EUR,UAH,46.0316
2025-01-12,EUR,UAH,46.5562
2025-01-13,EUR,UAH,46.7447
2025-01-14,EUR,UAH,46.8781
2025-01-15,EUR,UAH,46.6149
2025-01-16,EUR,UAH,46.3024
2025-01-17,EUR,UAH,46.5592
2025-01-18,EUR,UAH,46.2868
2025-01-19,EUR,UAH,46.0269
2025-01-20,EUR,UAH,46.3459
2025-01-21,EUR,UAH,46.4991
2025-01-22,EUR,UAH,46.015
2025-01-23,EUR,UAH,46.1514
2025-01-24,EUR,UAH,46.3751
2025-01-25,EUR,UAH,46.7445
2025-01-26,EUR,UAH,46.8773
2025-01-27,EUR,UAH,46.4811
2025-01-28,EUR,UAH,46.2024
2025-01-29,EUR,UAH,46.4906
2025-01-30,EUR,UAH,46.3634
2025-01-31,EUR,UAH,45.8344
2025-02-01,EUR,UAH,45.5986
2025-02-02,EUR,UAH,45.411
2025-02-03,EUR,UAH,44.9257
2025-02-04,EUR,UAH,45.1811
2025-02-05,EUR,UAH,45.2602
2025-02-06,EUR,UAH,45.2621
2025-02-07,EUR,UAH,45.0883
2025-02-08,EUR,UAH,45.2437
2025-02-09,EUR,UAH,45.1783
2025-02-10,EUR,UAH,44.9921
2025-02-11,EUR,UAH,45.3706
2025-02-12,EUR,UAH,44.9121
2025-02-13,EUR,UAH,44.2259
2025-02-14,EUR,UAH,44.3491
2025-02-15,EUR,UAH,44.4886
2025-02-16,EUR,UAH,44.2137
2025-02-17,EUR,UAH,43.9452
2025-02-18,EUR,UAH,43.8167
2025-02-19,EUR,UAH,43.7487
2025-02-20,EUR,UAH,43.8607
2025-02-21,EUR,UAH,43.7993
2025-02-22,EUR,UAH,43.7604
2025-02-23,EUR,UAH,43.6593
2025-02-24,EUR,UAH,43.1332
2025-02-25,EUR,UAH,42.7814
2025-02-26,EUR,UAH,42.8069
2025-02-27,EUR,UAH,42.7217
2025-02-28,EUR,UAH,42.1199
2025-03-01,EUR,UAH,41.593
2025-03-02,EUR,UAH,41.6905
2025-03-03,EUR,UAH,41.7201
2025-03-04,EUR,UAH,41.6142
2025-03-05,EUR,UAH,41.7585
2025-03-06,EUR,UAH,42.2355
2025-03-07,EUR,UAH,41.9382
2025-03-08,EUR,UAH,41.9583
2025-03-09,EUR,UAH,42.0875
2025-03-10,EUR,UAH,42.1312
2025-03-11,EUR,UAH,41.9307
2025-03-12,EUR,UAH,41.9946
2025-03-13,EUR,UAH,42.0962
2025-03-14,EUR,UAH,42.2509
2025-03-15,EUR,UAH,42.5202
2025-03-16,EUR,UAH,42.7043
2025-03-17,EUR,UAH,42.647
2025-03-18,EUR,UAH,42.9389
2025-03-19,EUR,UAH,43.2419
2025-03-20,EUR,UAH,43.0526
2025-03-21,EUR,UAH,43.2376
2025-03-22,EUR,UAH,42.7573
2025-03-23,EUR,UAH,42.9902
2025-03-24,EUR,UAH,42.7653
2025-03-25,EUR,UAH,42.8282
2025-03-26,EUR,UAH,42.7171
2025-03-27,EUR,UAH,42.7488
2025-03-28,EUR,UAH,42.8022
2025-03-29,EUR,UAH,42.7893
2025-03-30,EUR,UAH,42.7754
2025-03-31,EUR,UAH,43.0658
2025-04-01,EUR,UAH,42.895
2025-04-02,EUR,UAH,43.4238
2025-04-03,EUR,UAH,43.8632
2025-04-04,EUR,UAH,43.9411
2025-04-05,EUR,UAH,44.3083
2025-04-06,EUR,UAH,44.5175
2025-04-07,EUR,UAH,44.6682
2025-04-08,EUR,UAH,44.5805
2025-04-09,EUR,UAH,44.9051
2025-04-10,EUR,UAH,44.4547
2025-04-11,EUR,UAH,44.2365
2025-04-12,EUR,UAH,43.8019
2025-04-13,EUR,UAH,43.9562
2025-04-14,EUR,UAH,44.0063
2025-04-15,EUR,UAH,44.2682
2025-04-16,EUR,UAH,44.0573
2025-04-17,EUR,UAH,43.8818
2025-04-18,EUR,UAH,43.68
2025-04-19,EUR,UAH,43.8881
2025-04-20,EUR,UAH,43.9786
2025-04-21,EUR,UAH,44.39
2025-04-22,EUR,UAH,44.0314
2025-04-23,EUR,UAH,44.3393
2025-04-24,EUR,UAH,44.2852
2025-04-25,EUR,UAH,44.3152
2025-04-26,EUR,UAH,44.319
2025-04-27,EUR,UAH,44.1485
2025-04-28,EUR,UAH,43.9063
2025-04-29,EUR,UAH,43.6245
2025-04-30,EUR,UAH,43.2131
2025-05-01,EUR,UAH,43.1602
2025-05-02,EUR,UAH,42.8148
2025-05-03,EUR,UAH,42.3943
2025-05-04,EUR,UAH,42.5372
2025-05-05,EUR,UAH,43.0227
2025-05-06,EUR,UAH,43.2653
2025-05-07,EUR,UAH,43.3797
2025-05-08,EUR,UAH,43.5161
2025-05-09,EUR,UAH,43.4687
2025-05-10,EUR,UAH,43.195
2025-05-11,EUR,UAH,43.1745
2025-05-12,EUR,UAH,43.199
2025-05-13,EUR,UAH,42.9674
2025-05-14,EUR,UAH,42.7945
2025-05-15,EUR,UAH,42.8183
2025-05-16,EUR,UAH,42.8408
2025-05-17,EUR,UAH,42.7396
2025-05-18,EUR,UAH,42.5975
2025-05-19,EUR,UAH,42.5343
2025-05-20,EUR,UAH,42.3056
2025-05-21,EUR,UAH,42.1754
2025-05-22,EUR,UAH,42.3615
2025-05-23,EUR,UAH,42.6792
2025-05-24,EUR,UAH,42.4403
2025-05-25,EUR,UAH,42.1801
2025-05-26,EUR,UAH,41.8758
2025-05-27,EUR,UAH,42.0489
2025-05-28,EUR,UAH,41.9903
2025-05-29,EUR,UAH,41.9664
2025-05-30,EUR,UAH,42.0053
2025-05-31,EUR,UAH,41.7428
2025-06-01,EUR,UAH,41.8551
2025-06-02,EUR,UAH,41.7124
2025-06-03,EUR,UAH,41.8409
2025-06-04,EUR,UAH,42.045
2025-06-05,EUR,UAH,41.7098
2025-06-06,EUR,UAH,41.9786
2025-06-07,EUR,UAH,42.0365
2025-06-08,EUR,UAH,42.1457
2025-06-09,EUR,UAH,42.5224
2025-06-10,EUR,UAH,42.7633
2025-06-11,EUR,UAH,42.4765
2025-06-12,EUR,UAH,43.0676
2025-06-13,EUR,UAH,43.0741
2025-06-14,EUR,UAH,43.0149
2025-06-15,EUR,UAH,43.0337
2025-06-16,EUR,UAH,42.6165
2025-06-17,EUR,UAH,42.7542
2025-06-18,EUR,UAH,42.5923
2025-06-19,EUR,UAH,42.9058
2025-06-20,EUR,UAH,43.0104
2025-06-21,EUR,UAH,43.2531
2025-06-22,EUR,UAH,43.2301
2025-06-23,EUR,UAH,43.366
2025-06-24,EUR,UAH,43.4315
2025-06-25,EUR,UAH,43.2355
2025-06-26,EUR,UAH,43.1796
2025-06-27,EUR,UAH,43.4691
2025-06-28,EUR,UAH,43.721
2025-06-29,EUR,UAH,43.6444
2025-06-30,EUR,UAH,43.5008
2025-07-01,EUR,UAH,43.9444
2025-07-02,EUR,UAH,43.872
2025-07-03,EUR,UAH,44.2282
2025-07-04,EUR,UAH,44.3915
2025-07-05,EUR,UAH,44.1454
2025-07-06,EUR,UAH,43.7864
2025-07-07,EUR,UAH,44.2433
2025-07-08,EUR,UAH,44.3656
2025-07-09,EUR,UAH,44.5009
2025-07-10,EUR,UAH,44.4208
2025-07-11,EUR,UAH,44.6183
2025-07-12,EUR,UAH,45.0847
2025-07-13,EUR,UAH,45.0917
2025-07-14,EUR,UAH,45.0307
2025-07-15,EUR,UAH,44.8563
2025-07-16,EUR,UAH,45.149
2025-07-17,EUR,UAH,44.9539
2025-07-18,EUR,UAH,45.0984
2025-07-19,EUR,UAH,44.9309
2025-07-20,EUR,UAH,44.7801
2025-07-21,EUR,UAH,44.8361
2025-07-22,EUR,UAH,44.7999
2025-07-23,EUR,UAH,44.6669
2025-07-24,EUR,UAH,44.3424
2025-07-25,EUR,UAH,44.462
2025-07-26,EUR,UAH,44.7454
2025-07-27,EUR,UAH,44.8575
2025-07-28,EUR,UAH,45.198
2025-07-29,EUR,UAH,45.046
2025-07-30,EUR,UAH,45.3353
2025-07-31,EUR,UAH,45.3871
2025-08-01,EUR,UAH,45.8095
2025-08-02,EUR,UAH,45.1253
2025-08-03,EUR,UAH,45.0328
2025-08-04,EUR,UAH,44.7922
2025-08-05,EUR,UAH,44.8789
2025-08-06,EUR,UAH,45.1154
2025-08-07,EUR,UAH,44.9384
2025-08-08,EUR,UAH,45.143
2025-08-09,EUR,UAH,44.8523
2025-08-10,EUR,UAH,45.015
2025-08-11,EUR,UAH,45.4617
2025-08-12,EUR,UAH,45.5826
2025-08-13,EUR,UAH,45.4983
2025-08-14,EUR,UAH,45.7731
2025-08-15,EUR,UAH,46.0541
2025-08-16,EUR,UAH,45.7636
2025-08-17,EUR,UAH,45.8232
2025-08-18,EUR,UAH,45.1119
2025-08-19,EUR,UAH,44.8726
2025-08-20,EUR,UAH,44.8856
2025-08-21,EUR,UAH,45.2755
2025-08-22,EUR,UAH,45.2698
2025-08-23,EUR,UAH,44.8472
2025-08-24,EUR,UAH,45.2046
2025-08-25,EUR,UAH,45.0283
2025-08-26,EUR,UAH,45.2594
2025-08-27,EUR,UAH,45.1304
2025-08-28,EUR,UAH,44.7224
2025-08-29,EUR,UAH,45.0163
2025-08-30,EUR,UAH,44.9321
2025-08-31,EUR,UAH,45.4226
2025-09-01,EUR,UAH,45.2138
2025-09-02,EUR,UAH,44.9458
2025-09-03,EUR,UAH,45.0391
2025-09-04,EUR,UAH,45.0102
2025-09-05,EUR,UAH,45.2298
2025-09-06,EUR,UAH,45.5001
2025-09-07,EUR,UAH,45.8067
2025-09-08,EUR,UAH,45.6783
2025-09-09,EUR,UAH,45.8453
2025-09-10,EUR,UAH,45.8727
2025-09-11,EUR,UAH,45.4184
2025-09-12,EUR,UAH,45.7941
2025-09-13,EUR,UAH,45.8432
2025-09-14,EUR,UAH,45.583
2025-09-15,EUR,UAH,45.4512
2025-09-16,EUR,UAH,45.7711
2025-09-17,EUR,UAH,45.8697
2025-09-18,EUR,UAH,45.7866
2025-09-19,EUR,UAH,45.5616
2025-09-20,EUR,UAH,45.4237
2025-09-21,EUR,UAH,45.2005
2025-09-22,EUR,UAH,44.8695
2025-09-23,EUR,UAH,44.6437
2025-09-24,EUR,UAH,44.8236
2025-09-25,EUR,UAH,44.7877
2025-09-26,EUR,UAH,45.4207
2025-09-27,EUR,UAH,45.234
2025-09-28,EUR,UAH,45.2177
2025-09-29,EUR,UAH,45.1147
2025-09-30,EUR,UAH,45.3756
2025-10-01,EUR,UAH,45.08
2025-10-02,EUR,UAH,45.2127
2025-10-03,EUR,UAH,45.3386
2025-10-04,EUR,UAH,45.4465
2025-10-05,EUR,UAH,45.0616
2025-10-06,EUR,UAH,44.8715
2025-10-07,EUR,UAH,44.741
2025-10-08,EUR,UAH,44.96
2025-10-09,EUR,UAH,45.2096
2025-10-10,EUR,UAH,45.1878
2025-10-11,EUR,UAH,45.2866
2025-10-12,EUR,UAH,45.1563
2025-10-13,EUR,UAH,45.146
2025-10-14,EUR,UAH,45.0192
2025-10-15,EUR,UAH,44.9374
2025-10-16,EUR,UAH,44.7564
2025-10-17,EUR,UAH,44.9758
2025-10-18,EUR,UAH,44.9268
2025-10-19,EUR,UAH,44.748
2025-10-20,EUR,UAH,45.3772
2025-10-21,EUR,UAH,45.9669
2025-10-22,EUR,UAH,46.1762
2025-10-23,EUR,UAH,45.8916
2025-10-24,EUR,UAH,45.4147
2025-10-25,EUR,UAH,45.691
2025-10-26,EUR,UAH,45.405
2025-10-27,EUR,UAH,45.3955
2025-10-28,EUR,UAH,45.4159
2025-10-29,EUR,UAH,45.3237
2025-10-30,EUR,UAH,45.6922
2025-10-31,EUR,UAH,45.5604
2025-11-01,EUR,UAH,45.2917
2025-11-02,EUR,UAH,45.4939
2025-11-03,EUR,UAH,45.4752
2025-11-04,EUR,UAH,45.2087
2025-11-05,EUR,UAH,45.2892
2025-11-06,EUR,UAH,45.2506
2025-11-07,EUR,UAH,45.2402
2025-11-08,EUR,UAH,45.5508
2025-11-09,EUR,UAH,45.8284
2025-11-10,EUR,UAH,45.8525
2025-11-11,EUR,UAH,46.1541
2025-11-12,EUR,UAH,46.0725
2025-11-13,EUR,UAH,46.2562
2025-11-14,EUR,UAH,46.5856
2025-11-15,EUR,UAH,46.5084
2025-11-16,EUR,UAH,46.3714
2025-11-17,EUR,UAH,46.3348
2025-11-18,EUR,UAH,46.5383
2025-11-19,EUR,UAH,46.1687
2025-11-20,EUR,UAH,46.3351
2025-11-21,EUR,UAH,46.2609
2025-11-22,EUR,UAH,46.5216
2025-11-23,EUR,UAH,46.5427
2025-11-24,EUR,UAH,46.5477
2025-11-25,EUR,UAH,46.4002
2025-11-26,EUR,UAH,46.9295
2025-11-27,EUR,UAH,46.5224
2025-11-28,EUR,UAH,46.5508
2025-11-29,EUR,UAH,46.6853
2025-11-30,EUR,UAH,46.3306
2025-12-01,EUR,UAH,46.0566
2025-12-02,EUR,UAH,45.6231
2025-12-03,EUR,UAH,45.7017
2025-12-04,EUR,UAH,45.3165
2025-12-05,EUR,UAH,45.6198
2025-12-06,EUR,UAH,45.4666
2025-12-07,EUR,UAH,44.9946
2025-12-08,EUR,UAH,44.9934
2025-12-09,EUR,UAH,45.0469
2025-12-10,EUR,UAH,44.9199
2025-12-11,EUR,UAH,44.9353
2025-12-12,EUR,UAH,45.1545
2025-12-13,EUR,UAH,44.9829
2025-12-14,EUR,UAH,44.7287
2025-12-15,EUR,UAH,44.7589
2025-12-16,EUR,UAH,44.7132
2025-12-17,EUR,UAH,44.7506
2025-12-18,EUR,UAH,44.3923
2025-12-19,EUR,UAH,44.7724
2025-12-20,EUR,UAH,44.9557
2025-12-21,EUR,UAH,44.7914
2025-12-22,EUR,UAH,44.6028
2025-12-23,EUR,UAH,44.4908
2025-12-24,EUR,UAH,44.7644
2025-12-25,EUR,UAH,45.1766
2025-12-26,EUR,UAH,45.0322
2025-12-27,EUR,UAH,45.1432
2025-12-28,EUR,UAH,44.6475
2025-12-29,EUR,UAH,44.5163
2025-12-30,EUR,UAH,44.4209
2025-12-31,EUR,UAH,44.4006
2024-01-01,USD,UAH,41.5044
2024-01-02,USD,UAH,41.5331
2024-01-03,USD,UAH,41.5449
2024-01-04,USD,UAH,41.5325
2024-01-05,USD,UAH,41.5428
2024-01-06,USD,UAH,41.8552
2024-01-07,USD,UAH,41.814
2024-01-08,USD,UAH,42.0153
2024-01-09,USD,UAH,41.5198
2024-01-10,USD,UAH,41.6289
2024-01-11,USD,UAH,42.0371
2024-01-12,USD,UAH,42.1094
2024-01-13,USD,UAH,42.2215
2024-01-14,USD,UAH,42.5213
2024-01-15,USD,UAH,42.7782
2024-01-16,USD,UAH,43.1054
2024-01-17,USD,UAH,43.3462
2024-01-18,USD,UAH,44.0671
2024-01-19,USD,UAH,44.1348
2024-01-20,USD,UAH,44.0794
2024-01-21,USD,UAH,43.9118
2024-01-22,USD,UAH,44.1047
2024-01-23,USD,UAH,44.275
2024-01-24,USD,UAH,44.045
2024-01-25,USD,UAH,44.5403
2024-01-26,USD,UAH,44.3718
2024-01-27,USD,UAH,44.7176
2024-01-28,USD,UAH,44.7387
2024-01-29,USD,UAH,44.56
2024-01-30,USD,UAH,44.4646
2024-01-31,USD,UAH,44.0251
2024-02-01,USD,UAH,43.1889
2024-02-02,USD,UAH,43.2092
2024-02-03,USD,UAH,43.4731
2024-02-04,USD,UAH,43.1084
2024-02-05,USD,UAH,43.2448
2024-02-06,USD,UAH,43.0401
2024-02-07,USD,UAH,42.7121
2024-02-08,USD,UAH,42.3223
2024-02-09,USD,UAH,42.4732
2024-02-10,USD,UAH,42.348
2024-02-11,USD,UAH,42.1614
2024-02-12,USD,UAH,41.6067
2024-02-13,USD,UAH,41.6699
2024-02-14,USD,UAH,41.0166
2024-02-15,USD,UAH,41.2211
2024-02-16,USD,UAH,41.2295
2024-02-17,USD,UAH,41.3063
2024-02-18,USD,UAH,41.2482
2024-02-19,USD,UAH,41.2497
2024-02-20,USD,UAH,41.2898
2024-02-21,USD,UAH,41.3983
2024-02-22,USD,UAH,41.2871
2024-02-23,USD,UAH,41.553
2024-02-24,USD,UAH,41.9747
2024-02-25,USD,UAH,42.2958
2024-02-26,USD,UAH,42.8656
2024-02-27,USD,UAH,42.6461
2024-02-28,USD,UAH,42.7068
2024-02-29,USD,UAH,42.6719
2024-03-01,USD,UAH,42.6287
2024-03-02,USD,UAH,43.1901
2024-03-03,USD,UAH,43.0243
2024-03-04,USD,UAH,42.9774
2024-03-05,USD,UAH,42.8741
2024-03-06,USD,UAH,43.116
2024-03-07,USD,UAH,43.2535
2024-03-08,USD,UAH,43.3253
2024-03-09,USD,UAH,42.8239
2024-03-10,USD,UAH,42.8144
2024-03-11,USD,UAH,42.7137
2024-03-12,USD,UAH,42.4036
2024-03-13,USD,UAH,42.7155
2024-03-14,USD,UAH,42.8231
2024-03-15,USD,UAH,43.4547
2024-03-16,USD,UAH,43.1412
2024-03-17,USD,UAH,42.9706
2024-03-18,USD,UAH,42.6588
2024-03-19,USD,UAH,42.6228
2024-03-20,USD,UAH,42.6084
2024-03-21,USD,UAH,42.1447
2024-03-22,USD,UAH,42.16
2024-03-23,USD,UAH,42.1332
2024-03-24,USD,UAH,41.9029
2024-03-25,USD,UAH,41.8136
2024-03-26,USD,UAH,42.0257
2024-03-27,USD,UAH,42.238
2024-03-28,USD,UAH,42.5049
2024-03-29,USD,UAH,42.6237
2024-03-30,USD,UAH,43.1547
2024-03-31,USD,UAH,42.705
2024-04-01,USD,UAH,42.7882
2024-04-02,USD,UAH,42.6687
2024-04-03,USD,UAH,42.3347
2024-04-04,USD,UAH,42.5905
2024-04-05,USD,UAH,42.6019
2024-04-06,USD,UAH,42.1795
2024-04-07,USD,UAH,41.9904
2024-04-08,USD,UAH,41.8493
2024-04-09,USD,UAH,42.0232
2024-04-10,USD,UAH,42.0867
2024-04-11,USD,UAH,42.1724
2024-04-12,USD,UAH,41.8892
2024-04-13,USD,UAH,41.5848
2024-04-14,USD,UAH,41.8982
2024-04-15,USD,UAH,41.5013
2024-04-16,USD,UAH,41.6563
2024-04-17,USD,UAH,41.654
2024-04-18,USD,UAH,41.8819
2024-04-19,USD,UAH,42.2059
2024-04-20,USD,UAH,41.8989
2024-04-21,USD,UAH,42.1888
2024-04-22,USD,UAH,42.3331
2024-04-23,USD,UAH,42.25
2024-04-24,USD,UAH,42.7445
2024-04-25,USD,UAH,42.8027
2024-04-26,USD,UAH,42.9384
2024-04-27,USD,UAH,42.799
2024-04-28,USD,UAH,42.8151
2024-04-29,USD,UAH,42.8904
2024-04-30,USD,UAH,42.7214
2024-05-01,USD,UAH,42.5876
2024-05-02,USD,UAH,42.1661
2024-05-03,USD,UAH,42.1364
2024-05-04,USD,UAH,42.048
2024-05-05,USD,UAH,41.8418
2024-05-06,USD,UAH,41.8899
2024-05-07,USD,UAH,42.1073
2024-05-08,USD,UAH,42.2285
2024-05-09,USD,UAH,42.1631
2024-05-10,USD,UAH,42.0497
2024-05-11,USD,UAH,42.5531
2024-05-12,USD,UAH,42.3055
2024-05-13,USD,UAH,42.4474
2024-05-14,USD,UAH,42.6161
2024-05-15,USD,UAH,42.3807
2024-05-16,USD,UAH,42.5813
2024-05-17,USD,UAH,42.8763
2024-05-18,USD,UAH,42.7359
2024-05-19,USD,UAH,42.4217
2024-05-20,USD,UAH,42.3435
2024-05-21,USD,UAH,42.0004
2024-05-22,USD,UAH,42.0949
2024-05-23,USD,UAH,41.9382
2024-05-24,USD,UAH,41.9698
2024-05-25,USD,UAH,41.9191
2024-05-26,USD,UAH,42.0209
2024-05-27,USD,UAH,41.773
2024-05-28,USD,UAH,42.0171
2024-05-29,USD,UAH,41.8766
2024-05-30,USD,UAH,41.9664
2024-05-31,USD,UAH,42.1353
2024-06-01,USD,UAH,42.4741
2024-06-02,USD,UAH,42.7594
2024-06-03,USD,UAH,42.0937
2024-06-04,USD,UAH,42.1893
2024-06-05,USD,UAH,42.1013
2024-06-06,USD,UAH,42.205
2024-06-07,USD,UAH,42.4399
2024-06-08,USD,UAH,42.6132
2024-06-09,USD,UAH,42.2491
2024-06-10,USD,UAH,42.1839
2024-06-11,USD,UAH,42.5898
2024-06-12,USD,UAH,42.2103
2024-06-13,USD,UAH,41.8669
2024-06-14,USD,UAH,41.6056
2024-06-15,USD,UAH,41.7553
2024-06-16,USD,UAH,42.0028
2024-06-17,USD,UAH,41.6946
2024-06-18,USD,UAH,41.9865
2024-06-19,USD,UAH,41.7124
2024-06-20,USD,UAH,41.7285
2024-06-21,USD,UAH,41.7148
2024-06-22,USD,UAH,41.7414
2024-06-23,USD,UAH,41.7531
2024-06-24,USD,UAH,41.4644
2024-06-25,USD,UAH,41.6397
2024-06-26,USD,UAH,41.8389
2024-06-27,USD,UAH,42.1046
2024-06-28,USD,UAH,42.3793
2024-06-29,USD,UAH,42.466
2024-06-30,USD,UAH,42.5968
2024-07-01,USD,UAH,42.6231
2024-07-02,USD,UAH,42.6381
2024-07-03,USD,UAH,42.3895
2024-07-04,USD,UAH,42.2015
2024-07-05,USD,UAH,41.8948
2024-07-06,USD,UAH,41.4705
2024-07-07,USD,UAH,41.2429
2024-07-08,USD,UAH,41.7299
2024-07-09,USD,UAH,41.5694
2024-07-10,USD,UAH,41.8066
2024-07-11,USD,UAH,41.9834
2024-07-12,USD,UAH,41.9763
2024-07-13,USD,UAH,42.3077
2024-07-14,USD,UAH,42.3821
2024-07-15,USD,UAH,42.3051
2024-07-16,USD,UAH,42.4352
2024-07-17,USD,UAH,42.3059
2024-07-18,USD,UAH,42.3329
2024-07-19,USD,UAH,42.1388
2024-07-20,USD,UAH,41.8863
2024-07-21,USD,UAH,42.0171
2024-07-22,USD,UAH,42.2012
2024-07-23,USD,UAH,41.7984
2024-07-24,USD,UAH,41.7993
2024-07-25,USD,UAH,41.9554
2024-07-26,USD,UAH,42.1472
2024-07-27,USD,UAH,42.4791
2024-07-28,USD,UAH,42.4222
2024-07-29,USD,UAH,42.51
2024-07-30,USD,UAH,42.1584
2024-07-31,USD,UAH,42.3787
2024-08-01,USD,UAH,42.3471
2024-08-02,USD,UAH,41.9845
2024-08-03,USD,UAH,42.3559
2024-08-04,USD,UAH,42.3204
2024-08-05,USD,UAH,41.9914
2024-08-06,USD,UAH,41.4009
2024-08-07,USD,UAH,41.3549
2024-08-08,USD,UAH,40.8311
2024-08-09,USD,UAH,40.8638
2024-08-10,USD,UAH,40.4932
2024-08-11,USD,UAH,40.8352
2024-08-12,USD,UAH,40.7604
2024-08-13,USD,UAH,40.5052
2024-08-14,USD,UAH,40.3623
2024-08-15,USD,UAH,40.9042
2024-08-16,USD,UAH,40.8665
2024-08-17,USD,UAH,40.9234
2024-08-19,USD,UAH,41.1859
2024-08-20,USD,UAH,40.9714
2024-08-21,USD,UAH,41.5129
2024-08-22,USD,UAH,41.6778
2024-08-23,USD,UAH,41.6403
2024-08-24,USD,UAH,41.517
2024-08-25,USD,UAH,41.3798
2024-08-26,USD,UAH,41.31
2024-08-27,USD,UAH,41.6918
2024-08-28,USD,UAH,41.6116
2024-08-29,USD,UAH,41.3604
2024-08-30,USD,UAH,41.3614
2024-08-31,USD,UAH,41.3216
2024-09-01,USD,UAH,41.3908
2024-09-02,USD,UAH,41.654
2024-09-03,USD,UAH,41.5809
2024-09-04,USD,UAH,41.6449
2024-09-05,USD,UAH,41.2275
2024-09-06,USD,UAH,41.1265
2024-09-07,USD,UAH,41.3518
2024-09-08,USD,UAH,41.0002
2024-09-09,USD,UAH,41.1914
2024-09-10,USD,UAH,41.8451
2024-09-11,USD,UAH,41.8206
2024-09-12,USD,UAH,41.6525
2024-09-13,USD,UAH,41.844
2024-09-14,USD,UAH,41.3087
2024-09-15,USD,UAH,40.9401
2024-09-16,USD,UAH,40.9475
2024-09-17,USD,UAH,40.9799
2024-09-18,USD,UAH,40.8087
2024-09-19,USD,UAH,40.6829
2024-09-20,USD,UAH,40.9445
2024-09-21,USD,UAH,40.7022
2024-09-22,USD,UAH,40.5783
2024-09-23,USD,UAH,40.3978
2024-09-24,USD,UAH,40.5191
2024-09-25,USD,UAH,40.3896
2024-09-26,USD,UAH,40.6317
2024-09-27,USD,UAH,40.3563
2024-09-28,USD,UAH,39.9489
2024-09-29,USD,UAH,39.8456
2024-09-30,USD,UAH,39.7298
2024-10-01,USD,UAH,39.7823
2024-10-02,USD,UAH,39.9734
2024-10-03,USD,UAH,39.6239
2024-10-04,USD,UAH,39.8732
2024-10-05,USD,UAH,40.0757
2024-10-06,USD,UAH,39.8126
2024-10-07,USD,UAH,39.9902
2024-10-08,USD,UAH,39.3785
2024-10-09,USD,UAH,39.6764
2024-10-10,USD,UAH,39.5196
2024-10-11,USD,UAH,39.6977
2024-10-12,USD,UAH,39.6485
2024-10-13,USD,UAH,39.5312
2024-10-14,USD,UAH,39.4385
2024-10-15,USD,UAH,39.0941
2024-10-16,USD,UAH,38.9961
2024-10-17,USD,UAH,39.2542
2024-10-18,USD,UAH,39.5273
2024-10-19,USD,UAH,39.8312
2024-10-20,USD,UAH,39.8521
2024-10-21,USD,UAH,40.1155
2024-10-22,USD,UAH,40.5657
2024-10-23,USD,UAH,40.6135
2024-10-24,USD,UAH,40.3195
2024-10-25,USD,UAH,40.2754
2024-10-26,USD,UAH,40.1858
2024-10-27,USD,UAH,40.4966
2024-10-28,USD,UAH,40.539
2024-10-29,USD,UAH,40.9455
2024-10-30,USD,UAH,41.0851
2024-10-31,USD,UAH,40.8945
2024-11-01,USD,UAH,40.6737
2024-11-02,USD,UAH,40.0444
2024-11-03,USD,UAH,40.0645
2024-11-04,USD,UAH,40.1702
2024-11-05,USD,UAH,40.3858
2024-11-06,USD,UAH,40.214
2024-11-07,USD,UAH,40.3428
2024-11-08,USD,UAH,40.3495
2024-11-09,USD,UAH,40.4318
2024-11-10,USD,UAH,40.664
2024-11-11,USD,UAH,40.3384
2024-11-12,USD,UAH,40.3513
2024-11-13,USD,UAH,40.4535
2024-11-14,USD,UAH,40.3913
2024-11-15,USD,UAH,40.67
2024-11-16,USD,UAH,40.834
2024-11-17,USD,UAH,40.6133
2024-11-18,USD,UAH,40.7205
2024-11-19,USD,UAH,40.7975
2024-11-20,USD,UAH,40.816
2024-11-21,USD,UAH,40.6279
2024-11-22,USD,UAH,40.5425
2024-11-23,USD,UAH,40.8209
2024-11-24,USD,UAH,40.6987
2024-11-25,USD,UAH,40.472
2024-11-26,USD,UAH,40.3361
2024-11-27,USD,UAH,40.1694
2024-11-28,USD,UAH,40.2152
2024-11-29,USD,UAH,40.3243
2024-11-30,USD,UAH,40.0045
2024-12-01,USD,UAH,39.7136
2024-12-02,USD,UAH,39.2654
2024-12-03,USD,UAH,39.2188
2024-12-04,USD,UAH,39.378
2024-12-05,USD,UAH,39.669
2024-12-06,USD,UAH,40.0439
2024-12-07,USD,UAH,40.1903
2024-12-08,USD,UAH,40.1383
2024-12-09,USD,UAH,40.0391
2024-12-10,USD,UAH,40.2452
2024-12-11,USD,UAH,39.9544
2024-12-12,USD,UAH,40.1586
2024-12-13,USD,UAH,40.4088
2024-12-14,USD,UAH,40.699
2024-12-15,USD,UAH,40.5757
2024-12-16,USD,UAH,41.1508
2024-12-17,USD,UAH,40.9331
2024-12-18,USD,UAH,40.9875
2024-12-19,USD,UAH,41.014
2024-12-20,USD,UAH,41.0363
2024-12-21,USD,UAH,40.8814
2024-12-22,USD,UAH,40.7682
2024-12-23,USD,UAH,40.9478
2024-12-24,USD,UAH,41.1055
2024-12-25,USD,UAH,41.0114
2024-12-26,USD,UAH,41.0514
2024-12-27,USD,UAH,41.1839
2024-12-28,USD,UAH,41.2933
2024-12-29,USD,UAH,40.9342
2024-12-30,USD,UAH,40.6694
2024-12-31,USD,UAH,40.5298
2025-01-01,USD,UAH,40.7436
2025-01-02,USD,UAH,40.8571
2025-01-03,USD,UAH,40.6593
2025-01-04,USD,UAH,40.455
2025-01-05,USD,UAH,40.5301
2025-01-06,USD,UAH,40.6436
2025-01-07,USD,UAH,40.2108
2025-01-08,USD,UAH,40.7282
2025-01-09,USD,UAH,40.4182
2025-01-10,USD,UAH,40.2932
2025-01-11,USD,UAH,39.8803
2025-01-12,USD,UAH,39.7953
2025-01-13,USD,UAH,39.5868
2025-01-14,USD,UAH,39.9347
2025-01-15,USD,UAH,39.7298
2025-01-16,USD,UAH,40.1025
2025-01-17,USD,UAH,39.966
2025-01-18,USD,UAH,40.3803
2025-01-19,USD,UAH,40.4843
2025-01-20,USD,UAH,40.5528
2025-01-21,USD,UAH,40.6903
2025-01-22,USD,UAH,40.7995
2025-01-23,USD,UAH,40.5011
2025-01-24,USD,UAH,40.6271
2025-01-25,USD,UAH,40.1714
2025-01-26,USD,UAH,40.3464
2025-01-27,USD,UAH,40.5557
2025-01-28,USD,UAH,40.8211
2025-01-29,USD,UAH,40.1113
2025-01-30,USD,UAH,40.128
2025-01-31,USD,UAH,40.1884
2025-02-01,USD,UAH,40.2672
2025-02-02,USD,UAH,40.5967
2025-02-03,USD,UAH,40.813
2025-02-04,USD,UAH,40.7636
2025-02-05,USD,UAH,41.1533
2025-02-06,USD,UAH,41.3403
2025-02-07,USD,UAH,41.7663
2025-02-08,USD,UAH,41.8398
2025-02-09,USD,UAH,41.6952
2025-02-10,USD,UAH,41.8119
2025-02-11,USD,UAH,41.6629
2025-02-12,USD,UAH,41.2712
2025-02-13,USD,UAH,40.9371
2025-02-14,USD,UAH,40.5633
2025-02-15,USD,UAH,40.6273
2025-02-16,USD,UAH,40.4072
2025-02-17,USD,UAH,40.6093
2025-02-18,USD,UAH,40.8431
2025-02-19,USD,UAH,41.2852
2025-02-20,USD,UAH,41.0775
2025-02-21,USD,UAH,40.8461
2025-02-22,USD,UAH,40.7743
2025-02-23,USD,UAH,40.5217
2025-02-24,USD,UAH,40.5958
2025-02-25,USD,UAH,40.9703
2025-02-26,USD,UAH,40.8929
2025-02-27,USD,UAH,40.6454
2025-02-28,USD,UAH,40.2873
2025-03-01,USD,UAH,40.4478
2025-03-02,USD,UAH,40.3128
2025-03-03,USD,UAH,40.4745
2025-03-04,USD,UAH,40.1004
2025-03-05,USD,UAH,40.1824
2025-03-06,USD,UAH,40.2674
2025-03-07,USD,UAH,40.1649
2025-03-08,USD,UAH,40.0302
2025-03-09,USD,UAH,40.1078
2025-03-10,USD,UAH,40.101
2025-03-11,USD,UAH,39.8002
2025-03-12,USD,UAH,40.1061
2025-03-13,USD,UAH,39.9083
2025-03-14,USD,UAH,39.9019
2025-03-15,USD,UAH,40.0393
2025-03-16,USD,UAH,40.4895
2025-03-17,USD,UAH,39.9696
2025-03-18,USD,UAH,39.996
2025-03-19,USD,UAH,39.84
2025-03-20,USD,UAH,40.5834
2025-03-21,USD,UAH,40.9817
2025-03-22,USD,UAH,41.0891
2025-03-23,USD,UAH,40.7314
2025-03-24,USD,UAH,40.8255
2025-03-25,USD,UAH,40.7306
2025-03-26,USD,UAH,40.8491
2025-03-27,USD,UAH,40.7244
2025-03-28,USD,UAH,41.204
2025-03-29,USD,UAH,41.0724
2025-03-30,USD,UAH,41.0733
2025-03-31,USD,UAH,41.6072
2025-04-01,USD,UAH,41.4238
2025-04-02,USD,UAH,41.2774
2025-04-03,USD,UAH,41.3897
2025-04-04,USD,UAH,42.1521
2025-04-05,USD,UAH,41.7886
2025-04-06,USD,UAH,41.5867
2025-04-07,USD,UAH,41.3247
2025-04-08,USD,UAH,41.2068
2025-04-09,USD,UAH,40.7304
2025-04-10,USD,UAH,41.3042
2025-04-11,USD,UAH,41.7614
2025-04-12,USD,UAH,41.7353
2025-04-13,USD,UAH,41.7239
2025-04-14,USD,UAH,41.7751
2025-04-15,USD,UAH,41.864
2025-04-16,USD,UAH,41.7784
2025-04-17,USD,UAH,41.9413
2025-04-18,USD,UAH,42.0594
2025-04-19,USD,UAH,42.0729
2025-04-20,USD,UAH,42.4752
2025-04-21,USD,UAH,42.9265
2025-04-22,USD,UAH,42.8746
2025-04-23,USD,UAH,42.6909
2025-04-24,USD,UAH,43.1503
2025-04-25,USD,UAH,43.1817
2025-04-26,USD,UAH,43.4613
2025-04-27,USD,UAH,43.7917
2025-04-28,USD,UAH,43.9426
2025-04-29,USD,UAH,43.7942
2025-04-30,USD,UAH,43.7287
2025-05-01,USD,UAH,43.6774
2025-05-02,USD,UAH,43.8053
2025-05-03,USD,UAH,43.358
2025-05-04,USD,UAH,43.4544
2025-05-05,USD,UAH,43.0027
2025-05-06,USD,UAH,43.0327
2025-05-07,USD,UAH,42.8803
2025-05-08,USD,UAH,42.7738
2025-05-09,USD,UAH,42.4941
2025-05-10,USD,UAH,42.173
2025-05-11,USD,UAH,42.1755
2025-05-12,USD,UAH,42.5206
2025-05-13,USD,UAH,42.4832
2025-05-14,USD,UAH,42.9893
2025-05-15,USD,UAH,42.6566
2025-05-16,USD,UAH,42.6472
2025-05-17,USD,UAH,42.7348
2025-05-18,USD,UAH,42.8485
2025-05-19,USD,UAH,43.0618
2025-05-20,USD,UAH,42.8366
2025-05-21,USD,UAH,42.8153
2025-05-22,USD,UAH,42.5932
2025-05-23,USD,UAH,42.6148
2025-05-24,USD,UAH,42.487
2025-05-25,USD,UAH,42.131
2025-05-26,USD,UAH,41.8139
2025-05-27,USD,UAH,41.5925
2025-05-28,USD,UAH,41.8428
2025-05-29,USD,UAH,41.7723
2025-05-30,USD,UAH,41.4203
2025-05-31,USD,UAH,40.9832
2025-06-01,USD,UAH,40.9276
2025-06-02,USD,UAH,41.0768
2025-06-03,USD,UAH,40.8702
2025-06-04,USD,UAH,41.2628
2025-06-05,USD,UAH,41.1024
2025-06-06,USD,UAH,40.847
2025-06-07,USD,UAH,41.3514
2025-06-08,USD,UAH,41.528
2025-06-09,USD,UAH,41.5422
2025-06-10,USD,UAH,41.7768
2025-06-11,USD,UAH,41.5815
2025-06-12,USD,UAH,41.6154
2025-06-13,USD,UAH,41.1288
2025-06-14,USD,UAH,41.0584
2025-06-15,USD,UAH,40.88
2025-06-16,USD,UAH,41.162
2025-06-17,USD,UAH,41.4365
2025-06-18,USD,UAH,41.7093
2025-06-19,USD,UAH,41.4304
2025-06-20,USD,UAH,41.3976
2025-06-21,USD,UAH,41.5765
2025-06-22,USD,UAH,42.4084
2025-06-23,USD,UAH,42.7749
2025-06-24,USD,UAH,43.191
2025-06-25,USD,UAH,43.2078
2025-06-26,USD,UAH,43.27
2025-06-27,USD,UAH,43.2114
2025-06-28,USD,UAH,43.2727
2025-06-29,USD,UAH,43.1263
2025-06-30,USD,UAH,43.4439
2025-07-01,USD,UAH,43.255
2025-07-02,USD,UAH,42.9303
2025-07-03,USD,UAH,42.9097
2025-07-04,USD,UAH,42.8602
2025-07-05,USD,UAH,43.3129
2025-07-06,USD,UAH,43.519
2025-07-07,USD,UAH,43.342
2025-07-08,USD,UAH,43.4553
2025-07-09,USD,UAH,43.2662
2025-07-10,USD,UAH,43.2867
2025-07-11,USD,UAH,42.8689
2025-07-12,USD,UAH,42.4666
2025-07-13,USD,UAH,42.8849
2025-07-14,USD,UAH,43.1212
2025-07-15,USD,UAH,43.1731
2025-07-16,USD,UAH,42.8001
2025-07-17,USD,UAH,42.7346
2025-07-18,USD,UAH,42.6336
2025-07-19,USD,UAH,42.2444
2025-07-20,USD,UAH,42.3122
2025-07-21,USD,UAH,42.3629
2025-07-22,USD,UAH,42.3704
2025-07-23,USD,UAH,42.6624
2025-07-24,USD,UAH,43.0571
2025-07-25,USD,UAH,43.1484
2025-07-26,USD,UAH,43.0996
2025-07-27,USD,UAH,43.0538
2025-07-28,USD,UAH,43.0381
2025-07-29,USD,UAH,43.1414
2025-07-30,USD,UAH,43.0323
2025-07-31,USD,UAH,42.5255
2025-08-01,USD,UAH,42.4935
2025-08-02,USD,UAH,41.8922
2025-08-03,USD,UAH,42.0849
2025-08-04,USD,UAH,41.9314
2025-08-05,USD,UAH,42.3154
2025-08-06,USD,UAH,42.2724
2025-08-07,USD,UAH,42.377
2025-08-08,USD,UAH,42.4004
2025-08-09,USD,UAH,42.3282
2025-08-10,USD,UAH,42.0072
2025-08-11,USD,UAH,42.0864
2025-08-12,USD,UAH,42.0021
2025-08-13,USD,UAH,42.0606
2025-08-14,USD,UAH,42.2196
2025-08-15,USD,UAH,42.4199
2025-08-16,USD,UAH,42.2432
2025-08-17,USD,UAH,42.6454
2025-08-18,USD,UAH,43.0822
2025-08-19,USD,UAH,43.2667
2025-08-20,USD,UAH,43.0387
2025-08-21,USD,UAH,43.1636
2025-08-22,USD,UAH,42.6359
2025-08-23,USD,UAH,42.2488
2025-08-24,USD,UAH,42.0995
2025-08-25,USD,UAH,41.9461
2025-08-27,USD,UAH,42.3791
2025-08-28,USD,UAH,42.5659
2025-08-29,USD,UAH,42.5566
2025-08-30,USD,UAH,42.7186
2025-08-31,USD,UAH,42.5698
2025-09-01,USD,UAH,42.7842
2025-09-02,USD,UAH,42.9619
2025-09-03,USD,UAH,42.5068
2025-09-04,USD,UAH,42.9083
2025-09-05,USD,UAH,42.7104
2025-09-06,USD,UAH,42.7177
2025-09-07,USD,UAH,42.7844
2025-09-08,USD,UAH,43.0247
2025-09-09,USD,UAH,42.7619
2025-09-10,USD,UAH,42.4508
2025-09-11,USD,UAH,42.4499
2025-09-12,USD,UAH,42.555
2025-09-13,USD,UAH,42.9995
2025-09-14,USD,UAH,43.2326
2025-09-15,USD,UAH,43.2502
2025-09-16,USD,UAH,43.3942
2025-09-17,USD,UAH,43.8466
2025-09-18,USD,UAH,43.7393
2025-09-19,USD,UAH,43.4016
2025-09-20,USD,UAH,43.2514
2025-09-21,USD,UAH,42.4639
2025-09-22,USD,UAH,42.6538
2025-09-23,USD,UAH,42.307
2025-09-24,USD,UAH,42.6209
2025-09-25,USD,UAH,42.6495
2025-09-26,USD,UAH,42.8378
2025-09-27,USD,UAH,42.7512
2025-09-28,USD,UAH,42.8393
2025-09-29,USD,UAH,42.8013
2025-09-30,USD,UAH,42.4514
2025-10-01,USD,UAH,42.331
2025-10-02,USD,UAH,42.3581
2025-10-03,USD,UAH,42.2003
2025-10-04,USD,UAH,42.6067
2025-10-05,USD,UAH,42.3615
2025-10-06,USD,UAH,42.3144
2025-10-07,USD,UAH,42.3007
2025-10-08,USD,UAH,41.8575
2025-10-09,USD,UAH,42.0638
2025-10-10,USD,UAH,41.9749
2025-10-11,USD,UAH,42.5384
2025-10-12,USD,UAH,42.4324
2025-10-13,USD,UAH,42.2832
2025-10-14,USD,UAH,42.5509
2025-10-15,USD,UAH,42.6308
2025-10-16,USD,UAH,42.4992
2025-10-17,USD,UAH,42.4141
2025-10-18,USD,UAH,42.7597
2025-10-19,USD,UAH,42.974
2025-10-20,USD,UAH,42.8807
2025-10-21,USD,UAH,42.9423
2025-10-22,USD,UAH,42.7788
2025-10-23,USD,UAH,43.0134
2025-10-24,USD,UAH,42.9811
2025-10-25,USD,UAH,43.0597
2025-10-26,USD,UAH,42.7709
2025-10-27,USD,UAH,43.1027
2025-10-28,USD,UAH,42.682
2025-10-29,USD,UAH,42.4503
2025-10-30,USD,UAH,42.595
2025-10-31,USD,UAH,42.4309
2025-11-01,USD,UAH,42.05
2025-11-02,USD,UAH,41.9191
2025-11-03,USD,UAH,42.2194
2025-11-04,USD,UAH,42.5027
2025-11-05,USD,UAH,42.3501
2025-11-06,USD,UAH,42.1623
2025-11-07,USD,UAH,42.3091
2025-11-08,USD,UAH,42.7385
2025-11-09,USD,UAH,43.6025
2025-11-10,USD,UAH,43.1118
2025-11-11,USD,UAH,42.88
2025-11-12,USD,UAH,42.617
2025-11-13,USD,UAH,42.2796
2025-11-14,USD,UAH,42.2171
2025-11-15,USD,UAH,42.6305
2025-11-16,USD,UAH,42.5602
2025-11-17,USD,UAH,42.655
2025-11-18,USD,UAH,42.9803
2025-11-19,USD,UAH,42.5623
2025-11-20,USD,UAH,42.3443
2025-11-21,USD,UAH,42.2048
2025-11-22,USD,UAH,42.4851
2025-11-23,USD,UAH,42.8001
2025-11-24,USD,UAH,42.4976
2025-11-25,USD,UAH,42.0195
2025-11-26,USD,UAH,41.8765
2025-11-27,USD,UAH,41.784
2025-11-28,USD,UAH,42.0693
2025-11-29,USD,UAH,41.9146
2025-11-30,USD,UAH,42.0497
2025-12-01,USD,UAH,41.4023
2025-12-02,USD,UAH,41.0401
2025-12-03,USD,UAH,40.7382
2025-12-04,USD,UAH,40.8129
2025-12-05,USD,UAH,40.6057
2025-12-06,USD,UAH,40.5164
2025-12-07,USD,UAH,40.3289
2025-12-08,USD,UAH,40.5359
2025-12-09,USD,UAH,40.3343
2025-12-10,USD,UAH,40.4826
2025-12-11,USD,UAH,40.7976
2025-12-12,USD,UAH,40.9392
2025-12-13,USD,UAH,40.5672
2025-12-14,USD,UAH,40.2775
2025-12-15,USD,UAH,40.2385
2025-12-16,USD,UAH,40.2634
2025-12-17,USD,UAH,40.1911
2025-12-18,USD,UAH,39.9893
2025-12-19,USD,UAH,40.5641
2025-12-20,USD,UAH,40.4056
2025-12-21,USD,UAH,40.3866
2025-12-22,USD,UAH,40.3221
2025-12-23,USD,UAH,40.0447
2025-12-24,USD,UAH,40.0873
2025-12-25,USD,UAH,40.2264
2025-12-26,USD,UAH,40.4197
2025-12-27,USD,UAH,40.3253
2025-12-28,USD,UAH,39.8416
2025-12-29,USD,UAH,39.7233
2025-12-30,USD,UAH,39.3316
2025-12-31,USD,UAH,39.1314
2024-01-01,PLN,UAH,10.4603
2024-01-02,PLN,UAH,10.3277
2024-01-03,PLN,UAH,10.3735
2024-01-04,PLN,UAH,10.3535
2024-01-05,PLN,UAH,10.3535
2024-01-06,PLN,UAH,10.3294
2024-01-07,PLN,UAH,10.2725
2024-01-08,PLN,UAH,10.2358
2024-01-09,PLN,UAH,10.1875
2024-01-10,PLN,UAH,10.0653
2024-01-11,PLN,UAH,10.0789
2024-01-12,PLN,UAH,9.9852
2024-01-13,PLN,UAH,10.07
2024-01-14,PLN,UAH,10.131
2024-01-15,PLN,UAH,10.1015
2024-01-16,PLN,UAH,10.097
2024-01-17,PLN,UAH,10.1301
2024-01-18,PLN,UAH,10.1582
2024-01-19,PLN,UAH,10.2252
2024-01-20,PLN,UAH,10.1963
2024-01-21,PLN,UAH,10.2632
2024-01-22,PLN,UAH,10.1724
2024-01-23,PLN,UAH,10.2331
2024-01-24,PLN,UAH,10.2417
2024-01-25,PLN,UAH,10.3526
2024-01-26,PLN,UAH,10.4382
2024-01-27,PLN,UAH,10.4957
2024-01-28,PLN,UAH,10.4631
2024-01-29,PLN,UAH,10.515
2024-01-30,PLN,UAH,10.4842
2024-01-31,PLN,UAH,10.4413
2024-02-01,PLN,UAH,10.3988
2024-02-02,PLN,UAH,10.4724
2024-02-03,PLN,UAH,10.3482
2024-02-04,PLN,UAH,10.3596
2024-02-05,PLN,UAH,10.3419
2024-02-06,PLN,UAH,10.4176
2024-02-07,PLN,UAH,10.3979
2024-02-08,PLN,UAH,10.4584
2024-02-09,PLN,UAH,10.4687
2024-02-10,PLN,UAH,10.526
2024-02-11,PLN,UAH,10.4408
2024-02-12,PLN,UAH,10.4958
2024-02-13,PLN,UAH,10.4869
2024-02-14,PLN,UAH,10.4857
2024-02-15,PLN,UAH,10.4351
2024-02-16,PLN,UAH,10.4538
2024-02-17,PLN,UAH,10.4093
2024-02-18,PLN,UAH,10.3779
2024-02-19,PLN,UAH,10.4948
2024-02-20,PLN,UAH,10.3678
2024-02-21,PLN,UAH,10.3046
2024-02-22,PLN,UAH,10.3162
2024-02-23,PLN,UAH,10.3095
2024-02-24,PLN,UAH,10.305
2024-02-25,PLN,UAH,10.3856
2024-02-26,PLN,UAH,10.3656
2024-02-27,PLN,UAH,10.3204
2024-02-28,PLN,UAH,10.2588
2024-02-29,PLN,UAH,10.1762
2024-03-01,PLN,UAH,10.1712
2024-03-02,PLN,UAH,10.2008
2024-03-03,PLN,UAH,10.178
2024-03-04,PLN,UAH,10.0442
2024-03-05,PLN,UAH,9.9305
2024-03-06,PLN,UAH,9.927
2024-03-07,PLN,UAH,9.8592
2024-03-08,PLN,UAH,9.7693
2024-03-09,PLN,UAH,9.8167
2024-03-10,PLN,UAH,9.8696
2024-03-11,PLN,UAH,9.9019
2024-03-12,PLN,UAH,9.9792
2024-03-13,PLN,UAH,10.0322
2024-03-14,PLN,UAH,10.0464
2024-03-15,PLN,UAH,10.1401
2024-03-16,PLN,UAH,10.1048
2024-03-17,PLN,UAH,10.1141
2024-03-18,PLN,UAH,10.1895
2024-03-19,PLN,UAH,10.1685
2024-03-20,PLN,UAH,10.1622
2024-03-21,PLN,UAH,10.1166
2024-03-22,PLN,UAH,10.1004
2024-03-23,PLN,UAH,10.1213
2024-03-24,PLN,UAH,10.1368
2024-03-25,PLN,UAH,10.0574
2024-03-26,PLN,UAH,10.0448
2024-03-27,PLN,UAH,10.0609
2024-03-28,PLN,UAH,10.0972
2024-03-29,PLN,UAH,10.1473
2024-03-30,PLN,UAH,10.255
2024-03-31,PLN,UAH,10.2425
2024-04-01,PLN,UAH,10.1809
2024-04-02,PLN,UAH,10.2006
2024-04-03,PLN,UAH,10.2102
2024-04-04,PLN,UAH,10.2008
2024-04-05,PLN,UAH,10.2568
2024-04-06,PLN,UAH,10.2468
2024-04-07,PLN,UAH,10.226
2024-04-08,PLN,UAH,10.2163
2024-04-09,PLN,UAH,10.1652
2024-04-10,PLN,UAH,10.0968
2024-04-11,PLN,UAH,10.126
2024-04-12,PLN,UAH,10.2352
2024-04-13,PLN,UAH,10.3414
2024-04-14,PLN,UAH,10.4187
2024-04-15,PLN,UAH,10.4734
2024-04-16,PLN,UAH,10.5387
2024-04-17,PLN,UAH,10.6253
2024-04-18,PLN,UAH,10.6682
2024-04-19,PLN,UAH,10.8086
2024-04-20,PLN,UAH,10.8344
2024-04-21,PLN,UAH,10.8174
2024-04-22,PLN,UAH,10.7716
2024-04-23,PLN,UAH,10.7172
2024-04-24,PLN,UAH,10.6902
2024-04-25,PLN,UAH,10.7313
2024-04-26,PLN,UAH,10.9193
2024-04-27,PLN,UAH,11.0343
2024-04-28,PLN,UAH,11.1148
2024-04-29,PLN,UAH,11.1467
2024-04-30,PLN,UAH,11.0854
2024-05-01,PLN,UAH,11.1895
2024-05-02,PLN,UAH,11.0895
2024-05-03,PLN,UAH,11.064
2024-05-04,PLN,UAH,11.066
2024-05-05,PLN,UAH,10.9666
2024-05-06,PLN,UAH,10.9367
2024-05-07,PLN,UAH,11.0944
2024-05-08,PLN,UAH,11.0043
2024-05-09,PLN,UAH,10.8441
2024-05-10,PLN,UAH,10.74
2024-05-11,PLN,UAH,10.6432
2024-05-12,PLN,UAH,10.668
2024-05-13,PLN,UAH,10.6957
2024-05-14,PLN,UAH,10.688
2024-05-15,PLN,UAH,10.6267
2024-05-16,PLN,UAH,10.6266
2024-05-17,PLN,UAH,10.6577
2024-05-18,PLN,UAH,10.5721
2024-05-19,PLN,UAH,10.5176
2024-05-20,PLN,UAH,10.5224
2024-05-21,PLN,UAH,10.6047
2024-05-22,PLN,UAH,10.6489
2024-05-23,PLN,UAH,10.5369
2024-05-24,PLN,UAH,10.5844
2024-05-25,PLN,UAH,10.5578
2024-05-26,PLN,UAH,10.561
2024-05-27,PLN,UAH,10.5138
2024-05-28,PLN,UAH,10.597
2024-05-29,PLN,UAH,10.6461
2024-05-30,PLN,UAH,10.6426
2024-05-31,PLN,UAH,10.5461
2024-06-01,PLN,UAH,10.5414
2024-06-02,PLN,UAH,10.6045
2024-06-03,PLN,UAH,10.646
2024-06-04,PLN,UAH,10.6838
2024-06-05,PLN,UAH,10.7099
2024-06-06,PLN,UAH,10.7584
2024-06-07,PLN,UAH,10.8286
2024-06-08,PLN,UAH,10.7818
2024-06-09,PLN,UAH,10.726
2024-06-10,PLN,UAH,10.6079
2024-06-11,PLN,UAH,10.6002
2024-06-12,PLN,UAH,10.6318
2024-06-13,PLN,UAH,10.5633
2024-06-14,PLN,UAH,10.5735
2024-06-15,PLN,UAH,10.564
2024-06-16,PLN,UAH,10.5699
2024-06-17,PLN,UAH,10.6196
2024-06-18,PLN,UAH,10.661
2024-06-19,PLN,UAH,10.7098
2024-06-20,PLN,UAH,10.7675
2024-06-21,PLN,UAH,10.7878
2024-06-22,PLN,UAH,10.6889
2024-06-23,PLN,UAH,10.6064
2024-06-24,PLN,UAH,10.6247
2024-06-25,PLN,UAH,10.5008
2024-06-26,PLN,UAH,10.4014
2024-06-27,PLN,UAH,10.4427
2024-06-28,PLN,UAH,10.4557
2024-06-29,PLN,UAH,10.5349
2024-06-30,PLN,UAH,10.5466
2024-07-01,PLN,UAH,10.6023
2024-07-02,PLN,UAH,10.5988
2024-07-03,PLN,UAH,10.5467
2024-07-04,PLN,UAH,10.5344
2024-07-05,PLN,UAH,10.3948
2024-07-06,PLN,UAH,10.3459
2024-07-07,PLN,UAH,10.3149
2024-07-08,PLN,UAH,10.2786
2024-07-09,PLN,UAH,10.224
2024-07-10,PLN,UAH,10.2274
2024-07-11,PLN,UAH,10.2684
2024-07-12,PLN,UAH,10.2629
2024-07-13,PLN,UAH,10.2478
2024-07-14,PLN,UAH,10.1988
2024-07-15,PLN,UAH,10.1914
2024-07-16,PLN,UAH,10.2106
2024-07-17,PLN,UAH,10.2601
2024-07-18,PLN,UAH,10.1653
2024-07-19,PLN,UAH,10.1405
2024-07-20,PLN,UAH,10.2357
2024-07-21,PLN,UAH,10.2323
2024-07-22,PLN,UAH,10.1477
2024-07-23,PLN,UAH,10.1081
2024-07-25,PLN,UAH,10.0544
2024-07-26,PLN,UAH,10.0053
2024-07-27,PLN,UAH,10.1397
2024-07-28,PLN,UAH,10.0911
2024-07-29,PLN,UAH,9.9645
2024-07-30,PLN,UAH,9.9126
2024-07-31,PLN,UAH,9.9865
2024-08-01,PLN,UAH,10.0904
2024-08-02,PLN,UAH,10.0847
2024-08-03,PLN,UAH,10.1509
2024-08-04,PLN,UAH,10.1259
2024-08-05,PLN,UAH,10.0873
2024-08-06,PLN,UAH,10.0562
2024-08-07,PLN,UAH,10.107
2024-08-08,PLN,UAH,10.1624
2024-08-09,PLN,UAH,10.2183
2024-08-10,PLN,UAH,10.1262
2024-08-11,PLN,UAH,10.0819
2024-08-12,PLN,UAH,10.1133
2024-08-13,PLN,UAH,10.1178
2024-08-14,PLN,UAH,10.1113
2024-08-15,PLN,UAH,10.0701
2024-08-16,PLN,UAH,10.0122
2024-08-17,PLN,UAH,9.9413
2024-08-18,PLN,UAH,9.9384
2024-08-19,PLN,UAH,9.9904
2024-08-20,PLN,UAH,9.9334
2024-08-21,PLN,UAH,9.9683
2024-08-22,PLN,UAH,9.9479
2024-08-23,PLN,UAH,9.8721
2024-08-24,PLN,UAH,9.8911
2024-08-25,PLN,UAH,9.8639
2024-08-26,PLN,UAH,9.9005
2024-08-27,PLN,UAH,9.8794
2024-08-28,PLN,UAH,9.9647
2024-08-29,PLN,UAH,10.0269
2024-08-30,PLN,UAH,10.1131
2024-08-31,PLN,UAH,10.0975
2024-09-01,PLN,UAH,10.1533
2024-09-02,PLN,UAH,10.2311
2024-09-03,PLN,UAH,10.2701
2024-09-04,PLN,UAH,10.2922
2024-09-05,PLN,UAH,10.3288
2024-09-06,PLN,UAH,10.2838
2024-09-07,PLN,UAH,10.3237
2024-09-08,PLN,UAH,10.2985
2024-09-09,PLN,UAH,10.2517
2024-09-10,PLN,UAH,10.2872
2024-09-11,PLN,UAH,10.3333
2024-09-12,PLN,UAH,10.3782
2024-09-13,PLN,UAH,10.4343
2024-09-14,PLN,UAH,10.4439
2024-09-15,PLN,UAH,10.4414
2024-09-16,PLN,UAH,10.3996
2024-09-17,PLN,UAH,10.3373
2024-09-18,PLN,UAH,10.3586
2024-09-19,PLN,UAH,10.3335
2024-09-20,PLN,UAH,10.3449
2024-09-21,PLN,UAH,10.3743
2024-09-22,PLN,UAH,10.3738
2024-09-23,PLN,UAH,10.3455
2024-09-24,PLN,UAH,10.3299
2024-09-25,PLN,UAH,10.4068
2024-09-26,PLN,UAH,10.3885
2024-09-27,PLN,UAH,10.3928
2024-09-28,PLN,UAH,10.4252
2024-09-29,PLN,UAH,10.5034
2024-09-30,PLN,UAH,10.5655
2024-10-01,PLN,UAH,10.6083
2024-10-02,PLN,UAH,10.6462
2024-10-03,PLN,UAH,10.6655
2024-10-04,PLN,UAH,10.6681
2024-10-05,PLN,UAH,10.5803
2024-10-06,PLN,UAH,10.4999
2024-10-07,PLN,UAH,10.5145
2024-10-08,PLN,UAH,10.4838
2024-10-09,PLN,UAH,10.4114
2024-10-10,PLN,UAH,10.5059
2024-10-12,PLN,UAH,10.5636
2024-10-13,PLN,UAH,10.5184
2024-10-14,PLN,UAH,10.5167
2024-10-15,PLN,UAH,10.6226
2024-10-16,PLN,UAH,10.6249
2024-10-17,PLN,UAH,10.611
2024-10-18,PLN,UAH,10.6296
2024-10-19,PLN,UAH,10.7008
2024-10-20,PLN,UAH,10.7069
2024-10-21,PLN,UAH,10.6581
2024-10-22,PLN,UAH,10.6586
2024-10-23,PLN,UAH,10.7362
2024-10-24,PLN,UAH,10.7631
2024-10-25,PLN,UAH,10.7604
2024-10-26,PLN,UAH,10.7162
2024-10-27,PLN,UAH,10.658
2024-10-28,PLN,UAH,10.645
2024-10-29,PLN,UAH,10.656
2024-10-30,PLN,UAH,10.5998
2024-10-31,PLN,UAH,10.7032
2024-11-01,PLN,UAH,10.7845
2024-11-02,PLN,UAH,10.7605
2024-11-03,PLN,UAH,10.6304
2024-11-04,PLN,UAH,10.6591
2024-11-05,PLN,UAH,10.5954
2024-11-06,PLN,UAH,10.4925
2024-11-07,PLN,UAH,10.5159
2024-11-08,PLN,UAH,10.5884
2024-11-09,PLN,UAH,10.542
2024-11-10,PLN,UAH,10.6134
2024-11-11,PLN,UAH,10.5423
2024-11-12,PLN,UAH,10.478
2024-11-13,PLN,UAH,10.4486
2024-11-14,PLN,UAH,10.4392
2024-11-15,PLN,UAH,10.337
2024-11-16,PLN,UAH,10.3112
2024-11-17,PLN,UAH,10.3472
2024-11-18,PLN,UAH,10.3427
2024-11-19,PLN,UAH,10.3783
2024-11-20,PLN,UAH,10.4209
2024-11-21,PLN,UAH,10.4826
2024-11-22,PLN,UAH,10.5798
2024-11-23,PLN,UAH,10.643
2024-11-24,PLN,UAH,10.704
2024-11-25,PLN,UAH,10.781
2024-11-26,PLN,UAH,10.7333
2024-11-27,PLN,UAH,10.6963
2024-11-28,PLN,UAH,10.6572
2024-11-29,PLN,UAH,10.6426
2024-11-30,PLN,UAH,10.6766
2024-12-01,PLN,UAH,10.6216
2024-12-02,PLN,UAH,10.6202
2024-12-03,PLN,UAH,10.5989
2024-12-04,PLN,UAH,10.7248
2024-12-05,PLN,UAH,10.7027
2024-12-06,PLN,UAH,10.6439
2024-12-07,PLN,UAH,10.5204
2024-12-08,PLN,UAH,10.5248
2024-12-09,PLN,UAH,10.4881
2024-12-10,PLN,UAH,10.5836
2024-12-11,PLN,UAH,10.6496
2024-12-12,PLN,UAH,10.6102
2024-12-13,PLN,UAH,10.5715
2024-12-14,PLN,UAH,10.5517
2024-12-15,PLN,UAH,10.6363
2024-12-16,PLN,UAH,10.5703
2024-12-17,PLN,UAH,10.6026
2024-12-18,PLN,UAH,10.6383
2024-12-19,PLN,UAH,10.604
2024-12-20,PLN,UAH,10.5573
2024-12-21,PLN,UAH,10.585
2024-12-22,PLN,UAH,10.694
2024-12-23,PLN,UAH,10.7529
2024-12-24,PLN,UAH,10.8234
2024-12-25,PLN,UAH,10.8528
2024-12-26,PLN,UAH,10.7353
2024-12-27,PLN,UAH,10.6462
2024-12-28,PLN,UAH,10.5568
2024-12-29,PLN,UAH,10.5074
2024-12-30,PLN,UAH,10.5134
2024-12-31,PLN,UAH,10.5062
2025-01-01,PLN,UAH,10.4094
2025-01-02,PLN,UAH,10.3507
2025-01-03,PLN,UAH,10.4377
2025-01-04,PLN,UAH,10.4695
2025-01-05,PLN,UAH,10.4679
2025-01-06,PLN,UAH,10.356
2025-01-07,PLN,UAH,10.3005
2025-01-08,PLN,UAH,10.2648
2025-01-09,PLN,UAH,10.313
2025-01-10,PLN,UAH,10.2793
2025-01-11,PLN,UAH,10.2114
2025-01-12,PLN,UAH,10.3057
2025-01-13,PLN,UAH,10.2673
2025-01-14,PLN,UAH,10.2798
2025-01-15,PLN,UAH,10.289
2025-01-16,PLN,UAH,10.158
2025-01-17,PLN,UAH,10.0282
2025-01-18,PLN,UAH,10.0109
2025-01-19,PLN,UAH,10.1285
2025-01-20,PLN,UAH,10.2236
2025-01-21,PLN,UAH,10.2062
2025-01-22,PLN,UAH,10.273
2025-01-24,PLN,UAH,10.1461
2025-01-25,PLN,UAH,10.2115
2025-01-26,PLN,UAH,10.3318
2025-01-27,PLN,UAH,10.3296
2025-01-28,PLN,UAH,10.3166
2025-01-29,PLN,UAH,10.2612
2025-01-30,PLN,UAH,10.2471
2025-01-31,PLN,UAH,10.1669
2025-02-01,PLN,UAH,10.1771
2025-02-02,PLN,UAH,10.1864
2025-02-03,PLN,UAH,10.1627
2025-02-04,PLN,UAH,10.1779
2025-02-05,PLN,UAH,10.1913
2025-02-06,PLN,UAH,10.1907
2025-02-07,PLN,UAH,10.2379
2025-02-08,PLN,UAH,10.2675
2025-02-09,PLN,UAH,10.2447
2025-02-10,PLN,UAH,10.3131
2025-02-11,PLN,UAH,10.3635
2025-02-12,PLN,UAH,10.4371
2025-02-13,PLN,UAH,10.3926
2025-02-14,PLN,UAH,10.3775
2025-02-15,PLN,UAH,10.4776
2025-02-16,PLN,UAH,10.4258
2025-02-17,PLN,UAH,10.4283
2025-02-18,PLN,UAH,10.443
2025-02-19,PLN,UAH,10.5
2025-02-20,PLN,UAH,10.5737
2025-02-21,PLN,UAH,10.6084
2025-02-22,PLN,UAH,10.5373
2025-02-23,PLN,UAH,10.5764
2025-02-24,PLN,UAH,10.6282
2025-02-25,PLN,UAH,10.463
2025-02-26,PLN,UAH,10.4133
2025-02-27,PLN,UAH,10.4218
2025-02-28,PLN,UAH,10.3431
2025-03-01,PLN,UAH,10.3209
2025-03-02,PLN,UAH,10.3034
2025-03-03,PLN,UAH,10.3409
2025-03-04,PLN,UAH,10.2419
2025-03-05,PLN,UAH,10.3363
2025-03-06,PLN,UAH,10.2911
2025-03-07,PLN,UAH,10.3785
2025-03-08,PLN,UAH,10.3431
2025-03-09,PLN,UAH,10.4391
2025-03-10,PLN,UAH,10.4202
2025-03-11,PLN,UAH,10.4265
2025-03-12,PLN,UAH,10.4279
2025-03-13,PLN,UAH,10.4603
2025-03-14,PLN,UAH,10.5419
2025-03-15,PLN,UAH,10.6479
2025-03-16,PLN,UAH,10.7339
2025-03-17,PLN,UAH,10.7947
2025-03-18,PLN,UAH,10.8377
2025-03-19,PLN,UAH,10.8729
2025-03-20,PLN,UAH,10.7626
2025-03-21,PLN,UAH,10.724
2025-03-22,PLN,UAH,10.6815
2025-03-23,PLN,UAH,10.8004
2025-03-24,PLN,UAH,10.8265
2025-03-25,PLN,UAH,10.9849
2025-03-26,PLN,UAH,11.0282
2025-03-27,PLN,UAH,11.0435
2025-03-28,PLN,UAH,10.9398
2025-03-29,PLN,UAH,10.8011
2025-03-30,PLN,UAH,10.9016
2025-03-31,PLN,UAH,10.9546
2025-04-01,PLN,UAH,11.0219
2025-04-02,PLN,UAH,11.0468
2025-04-03,PLN,UAH,11.0216
2025-04-04,PLN,UAH,11.0011
2025-04-05,PLN,UAH,10.9489
2025-04-06,PLN,UAH,11.0218
2025-04-07,PLN,UAH,10.872
2025-04-08,PLN,UAH,10.8723
2025-04-09,PLN,UAH,10.9064
2025-04-10,PLN,UAH,10.8324
2025-04-11,PLN,UAH,10.9872
2025-04-12,PLN,UAH,10.9163
2025-04-13,PLN,UAH,10.8831
2025-04-14,PLN,UAH,10.8409
2025-04-15,PLN,UAH,10.7932
2025-04-16,PLN,UAH,10.76
2025-04-17,PLN,UAH,10.7426
2025-04-18,PLN,UAH,10.6903
2025-04-19,PLN,UAH,10.6457
2025-04-20,PLN,UAH,10.6516
2025-04-21,PLN,UAH,10.6826
2025-04-22,PLN,UAH,10.6516
2025-04-23,PLN,UAH,10.5413
2025-04-24,PLN,UAH,10.4845
2025-04-25,PLN,UAH,10.4941
2025-04-26,PLN,UAH,10.4698
2025-04-27,PLN,UAH,10.4062
2025-04-28,PLN,UAH,10.5093
2025-04-29,PLN,UAH,10.4683
2025-04-30,PLN,UAH,10.3928
2025-05-01,PLN,UAH,10.367
2025-05-02,PLN,UAH,10.3128
2025-05-03,PLN,UAH,10.3921
2025-05-04,PLN,UAH,10.3353
2025-05-05,PLN,UAH,10.3058
2025-05-06,PLN,UAH,10.3465
2025-05-07,PLN,UAH,10.3636
2025-05-08,PLN,UAH,10.2422
2025-05-09,PLN,UAH,10.2257
2025-05-10,PLN,UAH,10.2146
2025-05-11,PLN,UAH,10.2497
2025-05-12,PLN,UAH,10.2858
2025-05-13,PLN,UAH,10.3265
2025-05-14,PLN,UAH,10.2998
2025-05-15,PLN,UAH,10.3611
2025-05-16,PLN,UAH,10.4044
2025-05-17,PLN,UAH,10.3406
2025-05-18,PLN,UAH,10.3599
2025-05-19,PLN,UAH,10.2879
2025-05-20,PLN,UAH,10.3296
2025-05-21,PLN,UAH,10.4812
2025-05-22,PLN,UAH,10.5134
2025-05-23,PLN,UAH,10.4762
2025-05-24,PLN,UAH,10.5705
2025-05-25,PLN,UAH,10.6241
2025-05-26,PLN,UAH,10.4584
2025-05-27,PLN,UAH,10.4563
2025-05-28,PLN,UAH,10.4946
2025-05-29,PLN,UAH,10.5954
2025-05-30,PLN,UAH,10.5705
2025-05-31,PLN,UAH,10.5763
2025-06-01,PLN,UAH,10.6547
2025-06-02,PLN,UAH,10.5924
2025-06-03,PLN,UAH,10.6767
2025-06-04,PLN,UAH,10.6905
2025-06-05,PLN,UAH,10.6934
2025-06-06,PLN,UAH,10.5773
2025-06-07,PLN,UAH,10.5414
2025-06-08,PLN,UAH,10.5183
2025-06-09,PLN,UAH,10.4554
2025-06-10,PLN,UAH,10.4982
2025-06-11,PLN,UAH,10.5226
2025-06-12,PLN,UAH,10.5513
2025-06-13,PLN,UAH,10.547
2025-06-14,PLN,UAH,10.5596
2025-06-15,PLN,UAH,10.6536
2025-06-16,PLN,UAH,10.6381
2025-06-17,PLN,UAH,10.5688
2025-06-18,PLN,UAH,10.5567
2025-06-19,PLN,UAH,10.5433
2025-06-20,PLN,UAH,10.5447
2025-06-21,PLN,UAH,10.5759
2025-06-22,PLN,UAH,10.5969
2025-06-23,PLN,UAH,10.7177
2025-06-24,PLN,UAH,10.7774
2025-06-25,PLN,UAH,10.8767
2025-06-26,PLN,UAH,10.9195
2025-06-27,PLN,UAH,10.9249
2025-06-28,PLN,UAH,10.8582
2025-06-30,PLN,UAH,10.8324
2025-07-01,PLN,UAH,10.7884
2025-07-02,PLN,UAH,10.881
2025-07-03,PLN,UAH,10.8605
2025-07-04,PLN,UAH,10.9315
2025-07-05,PLN,UAH,10.9809
2025-07-06,PLN,UAH,11.0417
2025-07-07,PLN,UAH,11.0309
2025-07-08,PLN,UAH,10.983
2025-07-09,PLN,UAH,11.0117
2025-07-10,PLN,UAH,11.103
2025-07-11,PLN,UAH,10.9715
2025-07-12,PLN,UAH,10.8984
2025-07-13,PLN,UAH,10.8496
2025-07-14,PLN,UAH,10.7283
2025-07-15,PLN,UAH,10.7463
2025-07-16,PLN,UAH,10.7739
2025-07-17,PLN,UAH,10.8336
2025-07-18,PLN,UAH,10.9005
2025-07-19,PLN,UAH,10.8863
2025-07-20,PLN,UAH,10.8566
2025-07-21,PLN,UAH,10.7546
2025-07-22,PLN,UAH,10.612
2025-07-23,PLN,UAH,10.6708
2025-07-24,PLN,UAH,10.609
2025-07-25,PLN,UAH,10.5892
2025-07-26,PLN,UAH,10.5373
2025-07-27,PLN,UAH,10.5534
2025-07-28,PLN,UAH,10.5155
2025-07-29,PLN,UAH,10.5458
2025-07-30,PLN,UAH,10.6554
2025-07-31,PLN,UAH,10.6808
2025-08-01,PLN,UAH,10.6183
2025-08-02,PLN,UAH,10.5998
2025-08-03,PLN,UAH,10.6654
2025-08-04,PLN,UAH,10.8112
2025-08-05,PLN,UAH,10.8013
2025-08-06,PLN,UAH,10.7439
2025-08-07,PLN,UAH,10.7844
2025-08-08,PLN,UAH,10.8363
2025-08-09,PLN,UAH,10.8492
2025-08-10,PLN,UAH,10.8202
2025-08-11,PLN,UAH,10.9355
2025-08-12,PLN,UAH,10.8837
2025-08-13,PLN,UAH,10.9306
2025-08-14,PLN,UAH,10.9032
2025-08-15,PLN,UAH,10.8157
2025-08-16,PLN,UAH,10.8124
2025-08-17,PLN,UAH,10.7949
2025-08-18,PLN,UAH,10.7973
2025-08-19,PLN,UAH,10.72
2025-08-20,PLN,UAH,10.7436
2025-08-21,PLN,UAH,10.7875
2025-08-22,PLN,UAH,10.8574
2025-08-23,PLN,UAH,10.8637
2025-08-24,PLN,UAH,10.9265
2025-08-25,PLN,UAH,10.8616
2025-08-26,PLN,UAH,10.8133
2025-08-27,PLN,UAH,10.7802
2025-08-28,PLN,UAH,10.7805
2025-08-29,PLN,UAH,10.9008
2025-08-30,PLN,UAH,10.9767
2025-08-31,PLN,UAH,10.9849
2025-09-01,PLN,UAH,10.9261
2025-09-02,PLN,UAH,10.7476
2025-09-03,PLN,UAH,10.8054
2025-09-04,PLN,UAH,10.9746
2025-09-05,PLN,UAH,10.9493
2025-09-06,PLN,UAH,10.9255
2025-09-07,PLN,UAH,11.0455
2025-09-08,PLN,UAH,11.0288
2025-09-09,PLN,UAH,11.0694
2025-09-10,PLN,UAH,11.0008
2025-09-11,PLN,UAH,11.0358
2025-09-12,PLN,UAH,11.0158
2025-09-13,PLN,UAH,10.9807
2025-09-14,PLN,UAH,10.8962
2025-09-15,PLN,UAH,10.8319
2025-09-16,PLN,UAH,10.8383
2025-09-17,PLN,UAH,10.7343
2025-09-18,PLN,UAH,10.725
2025-09-19,PLN,UAH,10.6863
2025-09-20,PLN,UAH,10.6621
2025-09-21,PLN,UAH,10.6054
2025-09-22,PLN,UAH,10.6406
2025-09-23,PLN,UAH,10.6547
2025-09-24,PLN,UAH,10.6342
2025-09-25,PLN,UAH,10.6178
2025-09-26,PLN,UAH,10.6396
2025-09-27,PLN,UAH,10.5702
2025-09-28,PLN,UAH,10.5841
2025-09-29,PLN,UAH,10.5748
2025-09-30,PLN,UAH,10.6631
2025-10-01,PLN,UAH,10.5763
2025-10-02,PLN,UAH,10.7006
2025-10-03,PLN,UAH,10.7506
2025-10-04,PLN,UAH,10.823
2025-10-05,PLN,UAH,10.8306
2025-10-06,PLN,UAH,10.7873
2025-10-07,PLN,UAH,10.8433
2025-10-08,PLN,UAH,10.7698
2025-10-09,PLN,UAH,10.7756
2025-10-10,PLN,UAH,10.8206
2025-10-11,PLN,UAH,10.8244
2025-10-12,PLN,UAH,10.7583
2025-10-13,PLN,UAH,10.7527
2025-10-14,PLN,UAH,10.8435
2025-10-15,PLN,UAH,10.7863
2025-10-16,PLN,UAH,10.8429
2025-10-17,PLN,UAH,10.8472
2025-10-18,PLN,UAH,10.8034
2025-10-19,PLN,UAH,10.8219
2025-10-20,PLN,UAH,10.7551
2025-10-21,PLN,UAH,10.694
2025-10-22,PLN,UAH,10.5866
2025-10-23,PLN,UAH,10.6288
2025-10-24,PLN,UAH,10.6575
2025-10-25,PLN,UAH,10.706
2025-10-26,PLN,UAH,10.8048
2025-10-27,PLN,UAH,10.787
2025-10-28,PLN,UAH,10.7234
2025-10-29,PLN,UAH,10.7607
2025-10-30,PLN,UAH,10.6
2025-10-31,PLN,UAH,10.5728
2025-11-01,PLN,UAH,10.5431
2025-11-02,PLN,UAH,10.5974
2025-11-03,PLN,UAH,10.5944
2025-11-04,PLN,UAH,10.4147
2025-11-05,PLN,UAH,10.464
2025-11-06,PLN,UAH,10.486
2025-11-07,PLN,UAH,10.4635
2025-11-08,PLN,UAH,10.3332
2025-11-09,PLN,UAH,10.2974
2025-11-10,PLN,UAH,10.2588
2025-11-11,PLN,UAH,10.2528
2025-11-12,PLN,UAH,10.3625
2025-11-13,PLN,UAH,10.3588
2025-11-14,PLN,UAH,10.2657
2025-11-15,PLN,UAH,10.3112
2025-11-16,PLN,UAH,10.3261
2025-11-17,PLN,UAH,10.308
2025-11-18,PLN,UAH,10.3701
2025-11-19,PLN,UAH,10.4165
2025-11-20,PLN,UAH,10.3716
2025-11-21,PLN,UAH,10.4612
2025-11-22,PLN,UAH,10.4555
2025-11-23,PLN,UAH,10.4328
2025-11-24,PLN,UAH,10.311
2025-11-25,PLN,UAH,10.26
2025-11-26,PLN,UAH,10.313
2025-11-27,PLN,UAH,10.445
2025-11-28,PLN,UAH,10.4212
2025-11-29,PLN,UAH,10.392
2025-11-30,PLN,UAH,10.3974
2025-12-01,PLN,UAH,10.4162
2025-12-02,PLN,UAH,10.461
2025-12-03,PLN,UAH,10.4043
2025-12-04,PLN,UAH,10.4184
2025-12-05,PLN,UAH,10.4625
2025-12-06,PLN,UAH,10.4089
2025-12-07,PLN,UAH,10.3451
2025-12-08,PLN,UAH,10.2591
2025-12-09,PLN,UAH,10.3148
2025-12-10,PLN,UAH,10.2699
2025-12-11,PLN,UAH,10.2051
2025-12-12,PLN,UAH,10.3047
2025-12-13,PLN,UAH,10.142
2025-12-14,PLN,UAH,10.1704
2025-12-15,PLN,UAH,10.1916
2025-12-16,PLN,UAH,10.162
2025-12-17,PLN,UAH,10.1892
2025-12-18,PLN,UAH,10.318
2025-12-19,PLN,UAH,10.2555
2025-12-20,PLN,UAH,10.1331
2025-12-21,PLN,UAH,10.1351
2025-12-22,PLN,UAH,10.0956
2025-12-23,PLN,UAH,10.1684
2025-12-24,PLN,UAH,10.1955
2025-12-25,PLN,UAH,10.167
2025-12-26,PLN,UAH,10.1397
2025-12-27,PLN,UAH,9.9774
2025-12-28,PLN,UAH,9.9626
2025-12-29,PLN,UAH,9.9993
2025-12-30,PLN,UAH,10.0445
2025-12-31,PLN,UAH,10.0303
2024-01-01,CZK,UAH,1.7807
2024-01-02,CZK,UAH,1.7913
2024-01-03,CZK,UAH,1.7917
2024-01-04,CZK,UAH,1.7973
2024-01-05,CZK,UAH,1.7953
2024-01-06,CZK,UAH,1.786
2024-01-07,CZK,UAH,1.7847
2024-01-08,CZK,UAH,1.7894
2024-01-09,CZK,UAH,1.7904
2024-01-10,CZK,UAH,1.7959
2024-01-11,CZK,UAH,1.7973
2024-01-12,CZK,UAH,1.7965
2024-01-13,CZK,UAH,1.8128
2024-01-14,CZK,UAH,1.8121
2024-01-15,CZK,UAH,1.8116
2024-01-16,CZK,UAH,1.7945
2024-01-17,CZK,UAH,1.7817
2024-01-18,CZK,UAH,1.7678
2024-01-19,CZK,UAH,1.786
2024-01-21,CZK,UAH,1.7972
2024-01-22,CZK,UAH,1.7929
2024-01-23,CZK,UAH,1.7947
2024-01-24,CZK,UAH,1.7936
2024-01-25,CZK,UAH,1.8138
2024-01-26,CZK,UAH,1.78
2024-01-27,CZK,UAH,1.7727
2024-01-28,CZK,UAH,1.7907
2024-01-29,CZK,UAH,1.7978
2024-01-30,CZK,UAH,1.791
2024-01-31,CZK,UAH,1.8145
2024-02-01,CZK,UAH,1.802
2024-02-02,CZK,UAH,1.7931
2024-02-03,CZK,UAH,1.7885
2024-02-04,CZK,UAH,1.7913
2024-02-05,CZK,UAH,1.789
2024-02-06,CZK,UAH,1.7962
2024-02-07,CZK,UAH,1.8046
2024-02-08,CZK,UAH,1.8264
2024-02-09,CZK,UAH,1.8317
2024-02-10,CZK,UAH,1.8372
2024-02-11,CZK,UAH,1.8256
2024-02-12,CZK,UAH,1.8266
2024-02-13,CZK,UAH,1.8251
2024-02-14,CZK,UAH,1.8258
2024-02-15,CZK,UAH,1.8281
2024-02-16,CZK,UAH,1.8152
2024-02-17,CZK,UAH,1.8145
2024-02-18,CZK,UAH,1.8299
2024-02-19,CZK,UAH,1.8198
2024-02-20,CZK,UAH,1.8077
2024-02-21,CZK,UAH,1.8028
2024-02-22,CZK,UAH,1.7917
2024-02-23,CZK,UAH,1.8037
2024-02-24,CZK,UAH,1.806
2024-02-25,CZK,UAH,1.8012
2024-02-26,CZK,UAH,1.7898
2024-02-27,CZK,UAH,1.7827
2024-02-28,CZK,UAH,1.7989
2024-02-29,CZK,UAH,1.8023
2024-03-01,CZK,UAH,1.8083
2024-03-02,CZK,UAH,1.8004
2024-03-03,CZK,UAH,1.8249
2024-03-04,CZK,UAH,1.8296
2024-03-05,CZK,UAH,1.825
2024-03-06,CZK,UAH,1.8318
2024-03-07,CZK,UAH,1.836
2024-03-08,CZK,UAH,1.8255
2024-03-09,CZK,UAH,1.8332
2024-03-10,CZK,UAH,1.8139
2024-03-11,CZK,UAH,1.8058
2024-03-12,CZK,UAH,1.7865
2024-03-13,CZK,UAH,1.7878
2024-03-14,CZK,UAH,1.7749
2024-03-15,CZK,UAH,1.7759
2024-03-16,CZK,UAH,1.758
2024-03-17,CZK,UAH,1.7516
2024-03-18,CZK,UAH,1.748
2024-03-19,CZK,UAH,1.7328
2024-03-20,CZK,UAH,1.7209
2024-03-21,CZK,UAH,1.7166
2024-03-22,CZK,UAH,1.7131
2024-03-23,CZK,UAH,1.7271
2024-03-24,CZK,UAH,1.71
2024-03-25,CZK,UAH,1.7172
2024-03-26,CZK,UAH,1.7259
2024-03-27,CZK,UAH,1.7246
2024-03-28,CZK,UAH,1.725
2024-03-29,CZK,UAH,1.7282
2024-03-30,CZK,UAH,1.7269
2024-03-31,CZK,UAH,1.7304
2024-04-01,CZK,UAH,1.7401
2024-04-02,CZK,UAH,1.7506
2024-04-03,CZK,UAH,1.7253
2024-04-04,CZK,UAH,1.7151
2024-04-05,CZK,UAH,1.7112
2024-04-06,CZK,UAH,1.7082
2024-04-07,CZK,UAH,1.6897
2024-04-08,CZK,UAH,1.6993
2024-04-09,CZK,UAH,1.7086
2024-04-10,CZK,UAH,1.7253
2024-04-11,CZK,UAH,1.7305
2024-04-12,CZK,UAH,1.7407
2024-04-13,CZK,UAH,1.7491
2024-04-14,CZK,UAH,1.7562
2024-04-15,CZK,UAH,1.7384
2024-04-16,CZK,UAH,1.7334
2024-04-17,CZK,UAH,1.7226
2024-04-18,CZK,UAH,1.7172
2024-04-19,CZK,UAH,1.7228
2024-04-20,CZK,UAH,1.7363
2024-04-21,CZK,UAH,1.7279
2024-04-22,CZK,UAH,1.7144
2024-04-23,CZK,UAH,1.707
2024-04-24,CZK,UAH,1.7162
2024-04-25,CZK,UAH,1.7051
2024-04-26,CZK,UAH,1.7089
2024-04-27,CZK,UAH,1.7073
2024-04-28,CZK,UAH,1.7093
2024-04-29,CZK,UAH,1.691
2024-04-30,CZK,UAH,1.7152
2024-05-01,CZK,UAH,1.7058
2024-05-02,CZK,UAH,1.7039
2024-05-03,CZK,UAH,1.7039
2024-05-04,CZK,UAH,1.7241
2024-05-05,CZK,UAH,1.7098
2024-05-06,CZK,UAH,1.7212
2024-05-07,CZK,UAH,1.7093
2024-05-08,CZK,UAH,1.7112
2024-05-09,CZK,UAH,1.7136
2024-05-10,CZK,UAH,1.719
2024-05-11,CZK,UAH,1.7094
2024-05-12,CZK,UAH,1.711
2024-05-13,CZK,UAH,1.71
2024-05-14,CZK,UAH,1.7053
2024-05-15,CZK,UAH,1.6999
2024-05-16,CZK,UAH,1.7023
2024-05-17,CZK,UAH,1.7062
2024-05-18,CZK,UAH,1.6903
2024-05-19,CZK,UAH,1.6913
2024-05-20,CZK,UAH,1.6889
2024-05-21,CZK,UAH,1.7053
2024-05-22,CZK,UAH,1.695
2024-05-23,CZK,UAH,1.6964
2024-05-24,CZK,UAH,1.6856
2024-05-25,CZK,UAH,1.6901
2024-05-26,CZK,UAH,1.6965
2024-05-27,CZK,UAH,1.6986
2024-05-28,CZK,UAH,1.7149
2024-05-29,CZK,UAH,1.7011
2024-05-30,CZK,UAH,1.6989
2024-05-31,CZK,UAH,1.7157
2024-06-01,CZK,UAH,1.7193
2024-06-02,CZK,UAH,1.7152
2024-06-03,CZK,UAH,1.7187
2024-06-04,CZK,UAH,1.731
2024-06-05,CZK,UAH,1.7467
2024-06-06,CZK,UAH,1.7632
2024-06-08,CZK,UAH,1.7591
2024-06-09,CZK,UAH,1.7661
2024-06-10,CZK,UAH,1.7653
2024-06-11,CZK,UAH,1.7816
2024-06-12,CZK,UAH,1.7823
2024-06-13,CZK,UAH,1.7747
2024-06-14,CZK,UAH,1.7845
2024-06-15,CZK,UAH,1.8069
2024-06-16,CZK,UAH,1.7978
2024-06-17,CZK,UAH,1.8035
2024-06-18,CZK,UAH,1.7889
2024-06-19,CZK,UAH,1.8129
2024-06-20,CZK,UAH,1.8141
2024-06-21,CZK,UAH,1.8174
2024-06-22,CZK,UAH,1.8085
2024-06-23,CZK,UAH,1.8117
2024-06-24,CZK,UAH,1.818
2024-06-25,CZK,UAH,1.8197
2024-06-26,CZK,UAH,1.836
2024-06-27,CZK,UAH,1.8402
2024-06-28,CZK,UAH,1.8448
2024-06-29,CZK,UAH,1.8342
2024-06-30,CZK,UAH,1.8114
2024-07-01,CZK,UAH,1.8253
2024-07-02,CZK,UAH,1.8519
2024-07-03,CZK,UAH,1.8631
2024-07-04,CZK,UAH,1.857
2024-07-05,CZK,UAH,1.8637
2024-07-06,CZK,UAH,1.8605
2024-07-07,CZK,UAH,1.8644
2024-07-08,CZK,UAH,1.9059
2024-07-09,CZK,UAH,1.9118
2024-07-10,CZK,UAH,1.893
2024-07-11,CZK,UAH,1.8728
2024-07-12,CZK,UAH,1.8904
2024-07-13,CZK,UAH,1.9059
2024-07-14,CZK,UAH,1.8885
2024-07-15,CZK,UAH,1.8982
2024-07-16,CZK,UAH,1.8732
2024-07-17,CZK,UAH,1.8779
2024-07-18,CZK,UAH,1.8735
2024-07-19,CZK,UAH,1.8797
2024-07-20,CZK,UAH,1.8569
2024-07-21,CZK,UAH,1.8554
2024-07-22,CZK,UAH,1.8479
2024-07-23,CZK,UAH,1.8411
2024-07-24,CZK,UAH,1.8397
2024-07-25,CZK,UAH,1.8337
2024-07-26,CZK,UAH,1.8203
2024-07-27,CZK,UAH,1.816
2024-07-28,CZK,UAH,1.8126
2024-07-29,CZK,UAH,1.8223
2024-07-30,CZK,UAH,1.821
2024-07-31,CZK,UAH,1.8225
2024-08-01,CZK,UAH,1.8249
2024-08-02,CZK,UAH,1.8419
2024-08-03,CZK,UAH,1.8425
2024-08-04,CZK,UAH,1.8314
2024-08-05,CZK,UAH,1.8295
2024-08-06,CZK,UAH,1.8208
2024-08-07,CZK,UAH,1.8193
2024-08-08,CZK,UAH,1.8257
2024-08-09,CZK,UAH,1.8152
2024-08-10,CZK,UAH,1.806
2024-08-11,CZK,UAH,1.7865
2024-08-12,CZK,UAH,1.7763
2024-08-13,CZK,UAH,1.7636
2024-08-14,CZK,UAH,1.7659
2024-08-15,CZK,UAH,1.7725
2024-08-16,CZK,UAH,1.7622
2024-08-17,CZK,UAH,1.7532
2024-08-18,CZK,UAH,1.7494
2024-08-19,CZK,UAH,1.7775
2024-08-20,CZK,UAH,1.7676
2024-08-21,CZK,UAH,1.761
2024-08-22,CZK,UAH,1.754
2024-08-23,CZK,UAH,1.7481
2024-08-24,CZK,UAH,1.7581
2024-08-25,CZK,UAH,1.7525
2024-08-26,CZK,UAH,1.7509
2024-08-27,CZK,UAH,1.7387
2024-08-28,CZK,UAH,1.7457
2024-08-29,CZK,UAH,1.7437
2024-08-30,CZK,UAH,1.7553
2024-08-31,CZK,UAH,1.7677
2024-09-01,CZK,UAH,1.7538
2024-09-02,CZK,UAH,1.7496
2024-09-03,CZK,UAH,1.7561
2024-09-04,CZK,UAH,1.7711
2024-09-05,CZK,UAH,1.7847
2024-09-06,CZK,UAH,1.779
2024-09-07,CZK,UAH,1.7974
2024-09-08,CZK,UAH,1.8089
2024-09-09,CZK,UAH,1.8048
2024-09-10,CZK,UAH,1.8167
2024-09-11,CZK,UAH,1.8209
2024-09-12,CZK,UAH,1.8115
2024-09-13,CZK,UAH,1.83
2024-09-14,CZK,UAH,1.8154
2024-09-15,CZK,UAH,1.8005
2024-09-16,CZK,UAH,1.8
2024-09-17,CZK,UAH,1.798
2024-09-18,CZK,UAH,1.7913
2024-09-19,CZK,UAH,1.7887
2024-09-20,CZK,UAH,1.7955
2024-09-21,CZK,UAH,1.7874
2024-09-22,CZK,UAH,1.7728
2024-09-23,CZK,UAH,1.7681
2024-09-24,CZK,UAH,1.7782
2024-09-25,CZK,UAH,1.7748
2024-09-26,CZK,UAH,1.7921
2024-09-27,CZK,UAH,1.8021
2024-09-28,CZK,UAH,1.7921
2024-09-29,CZK,UAH,1.7861
2024-09-30,CZK,UAH,1.7951
2024-10-01,CZK,UAH,1.7973
2024-10-02,CZK,UAH,1.7894
2024-10-03,CZK,UAH,1.7859
2024-10-04,CZK,UAH,1.7918
2024-10-05,CZK,UAH,1.7772
2024-10-06,CZK,UAH,1.7868
2024-10-07,CZK,UAH,1.7799
2024-10-08,CZK,UAH,1.7773
2024-10-09,CZK,UAH,1.7616
2024-10-10,CZK,UAH,1.7653
2024-10-11,CZK,UAH,1.7711
2024-10-12,CZK,UAH,1.7717
2024-10-13,CZK,UAH,1.7717
2024-10-14,CZK,UAH,1.7799
2024-10-15,CZK,UAH,1.7562
2024-10-16,CZK,UAH,1.7665
2024-10-17,CZK,UAH,1.7595
2024-10-18,CZK,UAH,1.7551
2024-10-19,CZK,UAH,1.7529
2024-10-20,CZK,UAH,1.7513
2024-10-21,CZK,UAH,1.7325
2024-10-22,CZK,UAH,1.7476
2024-10-23,CZK,UAH,1.7429
2024-10-24,CZK,UAH,1.753
2024-10-25,CZK,UAH,1.7537
2024-10-26,CZK,UAH,1.7515
2024-10-27,CZK,UAH,1.7263
2024-10-28,CZK,UAH,1.7357
2024-10-29,CZK,UAH,1.7346
2024-10-30,CZK,UAH,1.739
2024-10-31,CZK,UAH,1.7284
2024-11-01,CZK,UAH,1.7301
2024-11-02,CZK,UAH,1.7254
2024-11-03,CZK,UAH,1.714
2024-11-04,CZK,UAH,1.7318
2024-11-05,CZK,UAH,1.7376
2024-11-06,CZK,UAH,1.7578
2024-11-07,CZK,UAH,1.7577
2024-11-08,CZK,UAH,1.7703
2024-11-09,CZK,UAH,1.7823
2024-11-10,CZK,UAH,1.7886
2024-11-11,CZK,UAH,1.7949
2024-11-12,CZK,UAH,1.7895
2024-11-13,CZK,UAH,1.7994
2024-11-14,CZK,UAH,1.8033
2024-11-15,CZK,UAH,1.7947
2024-11-16,CZK,UAH,1.8068
2024-11-17,CZK,UAH,1.8135
2024-11-18,CZK,UAH,1.8153
2024-11-19,CZK,UAH,1.8034
2024-11-20,CZK,UAH,1.7917
2024-11-21,CZK,UAH,1.7843
2024-11-22,CZK,UAH,1.8036
2024-11-23,CZK,UAH,1.7997
2024-11-24,CZK,UAH,1.8208
2024-11-25,CZK,UAH,1.8249
2024-11-26,CZK,UAH,1.8198
2024-11-27,CZK,UAH,1.8366
2024-11-28,CZK,UAH,1.8351
2024-11-29,CZK,UAH,1.843
2024-11-30,CZK,UAH,1.8423
2024-12-01,CZK,UAH,1.8483
2024-12-02,CZK,UAH,1.8632
2024-12-03,CZK,UAH,1.8708
2024-12-04,CZK,UAH,1.8768
2024-12-05,CZK,UAH,1.8535
2024-12-06,CZK,UAH,1.8373
2024-12-07,CZK,UAH,1.8367
2024-12-08,CZK,UAH,1.8298
2024-12-09,CZK,UAH,1.8355
2024-12-10,CZK,UAH,1.838
2024-12-11,CZK,UAH,1.8336
2024-12-12,CZK,UAH,1.832
2024-12-13,CZK,UAH,1.8338
2024-12-14,CZK,UAH,1.8295
2024-12-15,CZK,UAH,1.8169
2024-12-16,CZK,UAH,1.8413
2024-12-17,CZK,UAH,1.8568
2024-12-18,CZK,UAH,1.8651
2024-12-19,CZK,UAH,1.8615
2024-12-20,CZK,UAH,1.8475
2024-12-21,CZK,UAH,1.8412
2024-12-22,CZK,UAH,1.8545
2024-12-23,CZK,UAH,1.8534
2024-12-24,CZK,UAH,1.8547
2024-12-25,CZK,UAH,1.8625
2024-12-26,CZK,UAH,1.862
2024-12-27,CZK,UAH,1.8648
2024-12-28,CZK,UAH,1.8803
2024-12-29,CZK,UAH,1.8564
2024-12-30,CZK,UAH,1.8752
2024-12-31,CZK,UAH,1.8604
2025-01-01,CZK,UAH,1.8642
2025-01-02,CZK,UAH,1.8558
2025-01-03,CZK,UAH,1.8576
2025-01-04,CZK,UAH,1.8828
2025-01-05,CZK,UAH,1.9121
2025-01-06,CZK,UAH,1.9184
2025-01-07,CZK,UAH,1.9303
2025-01-08,CZK,UAH,1.9092
2025-01-09,CZK,UAH,1.8981
2025-01-10,CZK,UAH,1.8981
2025-01-11,CZK,UAH,1.9081
2025-01-12,CZK,UAH,1.8998
2025-01-13,CZK,UAH,1.89
2025-01-14,CZK,UAH,1.8846
2025-01-15,CZK,UAH,1.8722
2025-01-16,CZK,UAH,1.8883
2025-01-17,CZK,UAH,1.8862
2025-01-18,CZK,UAH,1.8716
2025-01-19,CZK,UAH,1.8592
2025-01-20,CZK,UAH,1.8649
2025-01-21,CZK,UAH,1.8872
2025-01-22,CZK,UAH,1.8982
2025-01-23,CZK,UAH,1.8906
2025-01-24,CZK,UAH,1.8902
2025-01-25,CZK,UAH,1.8764
2025-01-26,CZK,UAH,1.8641
2025-01-27,CZK,UAH,1.8711
2025-01-28,CZK,UAH,1.8594
2025-01-29,CZK,UAH,1.8844
2025-01-30,CZK,UAH,1.8808
2025-01-31,CZK,UAH,1.8745
2025-02-01,CZK,UAH,1.8789
2025-02-02,CZK,UAH,1.868
2025-02-03,CZK,UAH,1.8598
2025-02-04,CZK,UAH,1.8569
2025-02-05,CZK,UAH,1.8594
2025-02-06,CZK,UAH,1.8677
2025-02-07,CZK,UAH,1.8672
2025-02-08,CZK,UAH,1.8785
2025-02-09,CZK,UAH,1.8878
2025-02-10,CZK,UAH,1.8934
2025-02-11,CZK,UAH,1.8982
2025-02-12,CZK,UAH,1.9041
2025-02-13,CZK,UAH,1.905
2025-02-14,CZK,UAH,1.9077
2025-02-15,CZK,UAH,1.8948
2025-02-16,CZK,UAH,1.9051
2025-02-17,CZK,UAH,1.9278
2025-02-18,CZK,UAH,1.9309
2025-02-19,CZK,UAH,1.9457
2025-02-20,CZK,UAH,1.9445
2025-02-21,CZK,UAH,1.9354
2025-02-22,CZK,UAH,1.9421
2025-02-23,CZK,UAH,1.9345
2025-02-24,CZK,UAH,1.9417
2025-02-25,CZK,UAH,1.9463
2025-02-26,CZK,UAH,1.9475
2025-02-27,CZK,UAH,1.956
2025-02-28,CZK,UAH,1.9616
2025-03-01,CZK,UAH,1.9581
2025-03-02,CZK,UAH,1.9543
2025-03-03,CZK,UAH,1.9471
2025-03-04,CZK,UAH,1.9423
2025-03-05,CZK,UAH,1.9318
2025-03-06,CZK,UAH,1.9559
2025-03-07,CZK,UAH,1.9337
2025-03-08,CZK,UAH,1.9269
2025-03-09,CZK,UAH,1.9264
2025-03-10,CZK,UAH,1.929
2025-03-11,CZK,UAH,1.9439
2025-03-12,CZK,UAH,1.9382
2025-03-13,CZK,UAH,1.9265
2025-03-14,CZK,UAH,1.9244
2025-03-15,CZK,UAH,1.9092
2025-03-16,CZK,UAH,1.9228
2025-03-17,CZK,UAH,1.9421
2025-03-18,CZK,UAH,1.9393
2025-03-19,CZK,UAH,1.9456
2025-03-20,CZK,UAH,1.9436
2025-03-21,CZK,UAH,1.9257
2025-03-22,CZK,UAH,1.8957
2025-03-23,CZK,UAH,1.9073
2025-03-24,CZK,UAH,1.8836
2025-03-25,CZK,UAH,1.8885
2025-03-26,CZK,UAH,1.8898
2025-03-27,CZK,UAH,1.8871
2025-03-28,CZK,UAH,1.8805
2025-03-29,CZK,UAH,1.8856
2025-03-30,CZK,UAH,1.869
2025-03-31,CZK,UAH,1.8795
2025-04-01,CZK,UAH,1.87
2025-04-02,CZK,UAH,1.8664
2025-04-03,CZK,UAH,1.8509
2025-04-04,CZK,UAH,1.8535
2025-04-05,CZK,UAH,1.8478
2025-04-06,CZK,UAH,1.8486
2025-04-07,CZK,UAH,1.8509
2025-04-08,CZK,UAH,1.8375
2025-04-09,CZK,UAH,1.8281
2025-04-10,CZK,UAH,1.828
2025-04-11,CZK,UAH,1.8088
2025-04-12,CZK,UAH,1.8124
2025-04-13,CZK,UAH,1.8039
2025-04-14,CZK,UAH,1.8014
2025-04-15,CZK,UAH,1.7834
2025-04-16,CZK,UAH,1.7755
2025-04-17,CZK,UAH,1.7809
2025-04-18,CZK,UAH,1.7905
2025-04-19,CZK,UAH,1.8009
2025-04-20,CZK,UAH,1.7929
2025-04-21,CZK,UAH,1.7791
2025-04-22,CZK,UAH,1.7739
2025-04-23,CZK,UAH,1.7664
2025-04-24,CZK,UAH,1.7682
2025-04-25,CZK,UAH,1.7671
2025-04-26,CZK,UAH,1.7684
2025-04-27,CZK,UAH,1.7609
2025-04-28,CZK,UAH,1.7841
2025-04-29,CZK,UAH,1.8035
2025-04-30,CZK,UAH,1.8053
2025-05-01,CZK,UAH,1.7892
2025-05-02,CZK,UAH,1.796
2025-05-03,CZK,UAH,1.7856
2025-05-04,CZK,UAH,1.7653
2025-05-05,CZK,UAH,1.7696
2025-05-06,CZK,UAH,1.7819
2025-05-07,CZK,UAH,1.7876
2025-05-08,CZK,UAH,1.7765
2025-05-09,CZK,UAH,1.7828
2025-05-10,CZK,UAH,1.7684
2025-05-11,CZK,UAH,1.7831
2025-05-12,CZK,UAH,1.7791
2025-05-13,CZK,UAH,1.7716
2025-05-14,CZK,UAH,1.7672
2025-05-15,CZK,UAH,1.7614
2025-05-16,CZK,UAH,1.7605
2025-05-17,CZK,UAH,1.754
2025-05-18,CZK,UAH,1.7636
2025-05-19,CZK,UAH,1.775
2025-05-20,CZK,UAH,1.7763
2025-05-21,CZK,UAH,1.7941
2025-05-22,CZK,UAH,1.8033
2025-05-23,CZK,UAH,1.7865
2025-05-24,CZK,UAH,1.7931
2025-05-25,CZK,UAH,1.7962
2025-05-26,CZK,UAH,1.8099
2025-05-27,CZK,UAH,1.8127
2025-05-28,CZK,UAH,1.8317
2025-05-29,CZK,UAH,1.8348
2025-05-30,CZK,UAH,1.8405
2025-05-31,CZK,UAH,1.8289
2025-06-01,CZK,UAH,1.8245
2025-06-02,CZK,UAH,1.8028
2025-06-03,CZK,UAH,1.8062
2025-06-04,CZK,UAH,1.8037
2025-06-05,CZK,UAH,1.8039
2025-06-06,CZK,UAH,1.8116
2025-06-07,CZK,UAH,1.796
2025-06-08,CZK,UAH,1.7975
2025-06-09,CZK,UAH,1.8082
2025-06-10,CZK,UAH,1.81
2025-06-11,CZK,UAH,1.8
2025-06-12,CZK,UAH,1.8134
2025-06-13,CZK,UAH,1.8257
2025-06-14,CZK,UAH,1.8247
2025-06-15,CZK,UAH,1.8224
2025-06-16,CZK,UAH,1.8322
2025-06-17,CZK,UAH,1.8196
2025-06-18,CZK,UAH,1.8119
2025-06-19,CZK,UAH,1.813
2025-06-20,CZK,UAH,1.8208
2025-06-21,CZK,UAH,1.8198
2025-06-22,CZK,UAH,1.8274
2025-06-23,CZK,UAH,1.8322
2025-06-24,CZK,UAH,1.8339
2025-06-25,CZK,UAH,1.8294
2025-06-26,CZK,UAH,1.8223
2025-06-27,CZK,UAH,1.8322
2025-06-28,CZK,UAH,1.8289
2025-06-29,CZK,UAH,1.8208
2025-06-30,CZK,UAH,1.8298
2025-07-01,CZK,UAH,1.8514
2025-07-02,CZK,UAH,1.8398
2025-07-03,CZK,UAH,1.8378
2025-07-04,CZK,UAH,1.8344
2025-07-05,CZK,UAH,1.8428
2025-07-06,CZK,UAH,1.8297
2025-07-07,CZK,UAH,1.8502
2025-07-08,CZK,UAH,1.8555
2025-07-09,CZK,UAH,1.8473
2025-07-10,CZK,UAH,1.8321
2025-07-11,CZK,UAH,1.8143
2025-07-12,CZK,UAH,1.8129
2025-07-13,CZK,UAH,1.7959
2025-07-14,CZK,UAH,1.8016
2025-07-15,CZK,UAH,1.8179
2025-07-16,CZK,UAH,1.8185
2025-07-17,CZK,UAH,1.8109
2025-07-18,CZK,UAH,1.8198
2025-07-19,CZK,UAH,1.8138
2025-07-20,CZK,UAH,1.8068
2025-07-21,CZK,UAH,1.8299
2025-07-22,CZK,UAH,1.8322
2025-07-23,CZK,UAH,1.8179
2025-07-24,CZK,UAH,1.8188
2025-07-25,CZK,UAH,1.8099
2025-07-26,CZK,UAH,1.7899
2025-07-27,CZK,UAH,1.792
2025-07-28,CZK,UAH,1.7941
2025-07-29,CZK,UAH,1.7881
2025-07-30,CZK,UAH,1.8091
2025-07-31,CZK,UAH,1.8054
2025-08-01,CZK,UAH,1.7917
2025-08-02,CZK,UAH,1.7828
2025-08-03,CZK,UAH,1.7965
2025-08-04,CZK,UAH,1.7811
2025-08-05,CZK,UAH,1.7907
2025-08-06,CZK,UAH,1.7895
2025-08-07,CZK,UAH,1.7828
2025-08-08,CZK,UAH,1.8014
2025-08-10,CZK,UAH,1.8257
2025-08-11,CZK,UAH,1.8159
2025-08-12,CZK,UAH,1.8185
2025-08-13,CZK,UAH,1.8152
2025-08-14,CZK,UAH,1.8162
2025-08-15,CZK,UAH,1.807
2025-08-16,CZK,UAH,1.8108
2025-08-17,CZK,UAH,1.8211
2025-08-18,CZK,UAH,1.8074
2025-08-19,CZK,UAH,1.8191
2025-08-20,CZK,UAH,1.8132
2025-08-21,CZK,UAH,1.807
2025-08-22,CZK,UAH,1.7869
2025-08-23,CZK,UAH,1.8041
2025-08-24,CZK,UAH,1.8364
2025-08-25,CZK,UAH,1.8533
2025-08-26,CZK,UAH,1.8559
2025-08-27,CZK,UAH,1.86
2025-08-28,CZK,UAH,1.8552
2025-08-29,CZK,UAH,1.8405
2025-08-30,CZK,UAH,1.8272
2025-08-31,CZK,UAH,1.8243
2025-09-01,CZK,UAH,1.8233
2025-09-02,CZK,UAH,1.8157
2025-09-03,CZK,UAH,1.8198
2025-09-04,CZK,UAH,1.8159
2025-09-05,CZK,UAH,1.816
2025-09-06,CZK,UAH,1.824
2025-09-07,CZK,UAH,1.8087
2025-09-08,CZK,UAH,1.7983
2025-09-09,CZK,UAH,1.799
2025-09-10,CZK,UAH,1.7807
2025-09-11,CZK,UAH,1.7747
2025-09-12,CZK,UAH,1.7861
2025-09-13,CZK,UAH,1.7928
2025-09-14,CZK,UAH,1.8027
2025-09-15,CZK,UAH,1.8019
2025-09-16,CZK,UAH,1.8155
2025-09-17,CZK,UAH,1.8283
2025-09-18,CZK,UAH,1.8333
2025-09-19,CZK,UAH,1.8439
2025-09-20,CZK,UAH,1.8637
2025-09-21,CZK,UAH,1.8543
2025-09-22,CZK,UAH,1.8631
2025-09-23,CZK,UAH,1.8735
2025-09-24,CZK,UAH,1.8891
2025-09-25,CZK,UAH,1.8766
2025-09-26,CZK,UAH,1.8674
2025-09-27,CZK,UAH,1.8788
2025-09-28,CZK,UAH,1.8733
2025-09-29,CZK,UAH,1.8851
2025-09-30,CZK,UAH,1.8914
2025-10-01,CZK,UAH,1.8886
2025-10-02,CZK,UAH,1.8692
2025-10-03,CZK,UAH,1.8884
2025-10-04,CZK,UAH,1.903
2025-10-05,CZK,UAH,1.8932
2025-10-06,CZK,UAH,1.8886
2025-10-07,CZK,UAH,1.8654
2025-10-08,CZK,UAH,1.8606
2025-10-09,CZK,UAH,1.8544
2025-10-10,CZK,UAH,1.8558
2025-10-11,CZK,UAH,1.8603
2025-10-12,CZK,UAH,1.8423
2025-10-13,CZK,UAH,1.8584
2025-10-14,CZK,UAH,1.8636
2025-10-15,CZK,UAH,1.8555
2025-10-16,CZK,UAH,1.8476
2025-10-17,CZK,UAH,1.8396
2025-10-18,CZK,UAH,1.8308
2025-10-19,CZK,UAH,1.8185
2025-10-20,CZK,UAH,1.813
2025-10-21,CZK,UAH,1.8298
2025-10-22,CZK,UAH,1.8256
2025-10-23,CZK,UAH,1.835
2025-10-24,CZK,UAH,1.8306
2025-10-25,CZK,UAH,1.8377
2025-10-26,CZK,UAH,1.8401
2025-10-27,CZK,UAH,1.836
2025-10-28,CZK,UAH,1.831
2025-10-29,CZK,UAH,1.8182
2025-10-30,CZK,UAH,1.8241
2025-10-31,CZK,UAH,1.8089
2025-11-01,CZK,UAH,1.8064
2025-11-02,CZK,UAH,1.7852
2025-11-03,CZK,UAH,1.8056
2025-11-04,CZK,UAH,1.816
2025-11-05,CZK,UAH,1.8307
2025-11-06,CZK,UAH,1.8291
2025-11-07,CZK,UAH,1.8391
2025-11-08,CZK,UAH,1.8415
2025-11-09,CZK,UAH,1.8315
2025-11-10,CZK,UAH,1.8471
2025-11-11,CZK,UAH,1.8403
2025-11-12,CZK,UAH,1.8429
2025-11-13,CZK,UAH,1.8344
2025-11-14,CZK,UAH,1.8499
2025-11-15,CZK,UAH,1.8523
2025-11-16,CZK,UAH,1.8694
2025-11-17,CZK,UAH,1.8766
2025-11-18,CZK,UAH,1.8634
2025-11-19,CZK,UAH,1.8585
2025-11-20,CZK,UAH,1.869
2025-11-21,CZK,UAH,1.8596
2025-11-22,CZK,UAH,1.8567
2025-11-23,CZK,UAH,1.8514
2025-11-24,CZK,UAH,1.8485
2025-11-25,CZK,UAH,1.8502
2025-11-26,CZK,UAH,1.8577
2025-11-27,CZK,UAH,1.855
2025-11-28,CZK,UAH,1.8439
2025-11-29,CZK,UAH,1.8263
2025-11-30,CZK,UAH,1.8091
2025-12-01,CZK,UAH,1.8049
2025-12-02,CZK,UAH,1.8118
2025-12-03,CZK,UAH,1.8142
2025-12-04,CZK,UAH,1.8257
2025-12-05,CZK,UAH,1.8126
2025-12-06,CZK,UAH,1.8146
2025-12-07,CZK,UAH,1.8231
2025-12-08,CZK,UAH,1.8263
2025-12-09,CZK,UAH,1.824
2025-12-10,CZK,UAH,1.8369
2025-12-11,CZK,UAH,1.8239
2025-12-12,CZK,UAH,1.8201
2025-12-13,CZK,UAH,1.816
2025-12-14,CZK,UAH,1.8059
2025-12-15,CZK,UAH,1.823
2025-12-16,CZK,UAH,1.836
2025-12-17,CZK,UAH,1.8378
2025-12-18,CZK,UAH,1.849
2025-12-19,CZK,UAH,1.8606
2025-12-20,CZK,UAH,1.8587
2025-12-21,CZK,UAH,1.8703
2025-12-22,CZK,UAH,1.8827
2025-12-23,CZK,UAH,1.8782
2025-12-24,CZK,UAH,1.87
2025-12-25,CZK,UAH,1.8645
2025-12-26,CZK,UAH,1.8803
2025-12-27,CZK,UAH,1.8933
2025-12-28,CZK,UAH,1.9025
2025-12-29,CZK,UAH,1.8981
2025-12-30,CZK,UAH,1.9023
2025-12-31,CZK,UAH,1.8898
